date,symbol,open,close,low,high,volume
1/4/2010,GOOG,312.3049484,312.2053084,310.9550008,313.5801581,3927000
1/5/2010,GOOG,312.4195115,310.8304586,309.6100281,312.7482782,6031900
1/6/2010,GOOG,311.7619786,302.9948126,302.0483696,311.7619786,7987100
1/7/2010,GOOG,303.562685,295.9412421,295.2189509,303.8615747,12876600
1/8/2010,GOOG,294.895159,299.8864699,293.4555506,300.4991723,9483900
1/11/2010,GOOG,301.1019261,299.433161,295.9113656,301.1019261,14479800
1/12/2010,GOOG,297.7096168,294.1380165,292.9026325,297.963676,9742900
1/13/2010,GOOG,287.1691022,292.4493236,285.8789386,293.091933,13041800
1/14/2010,GOOG,290.8602703,293.8241734,290.3173314,295.9910469,8511900
1/15/2010,GOOG,295.562671,288.9175486,287.9412286,295.6722598,10909600
1/19/2010,GOOG,289.515328,292.7133316,287.0694926,294.1081091,8665700
1/20/2010,GOOG,291.8964051,289.121803,286.5713532,291.8964051,6525700
1/21/2010,GOOG,290.6311441,290.4019871,285.0570377,292.3148322,12662600
1/22/2010,GOOG,281.1964965,273.9785277,266.4317922,284.2351065,13651700
1/25/2010,GOOG,272.2749113,268.9922216,266.7555846,273.9137694,8872800
1/26/2010,GOOG,267.9809895,270.1976982,267.1441347,273.7743037,8743600
1/27/2010,GOOG,269.6248519,270.0383046,266.6559749,272.8029277,7958400
1/28/2010,GOOG,271.2288283,266.1478565,264.3097487,272.4791353,6482300
1/29/2010,GOOG,268.240023,263.9809825,261.8240572,269.4853557,8311900
2/1/2010,GOOG,266.3023061,265.5152258,264.1603038,266.9050294,4518400
2/2/2010,GOOG,266.4816274,264.5687828,262.8203359,266.4816274,8223000
2/3/2010,GOOG,263.3483517,269.4006697,263.1291743,270.0383046,6020500
2/4/2010,GOOG,267.4978036,262.4068831,261.799155,267.9959429,6780600
2/5/2010,GOOG,263.2138608,264.6534688,260.254963,265.7543315,6335600
2/8/2010,GOOG,265.2562226,265.7394085,264.7730063,269.9884694,5408700
2/9/2010,GOOG,268.7630646,267.2188726,266.5364066,269.7543689,5660200
2/10/2010,GOOG,266.0382673,266.2275682,262.860192,267.8913285,5369000
2/11/2010,GOOG,265.6646706,267.1989443,263.761805,269.2363017,4838000
2/12/2010,GOOG,265.4903236,265.565061,264.2599439,267.5725414,4576400
2/16/2010,GOOG,267.4330453,269.6397749,266.1528612,271.0495064,7336100
2/17/2010,GOOG,269.9884694,268.1005573,267.8016676,270.6858584,4074500
2/18/2010,GOOG,267.7668167,270.5961975,267.0694277,271.4878618,4691200
2/19/2010,GOOG,269.2562295,269.3707926,268.8427768,270.9997016,5125300
2/22/2010,GOOG,272.6534828,270.3869991,269.490361,272.7282202,4305100
2/23/2010,GOOG,270.4866088,266.5364066,265.1516082,270.8004519,5766600
2/24/2010,GOOG,265.9934373,264.7431298,264.2649187,268.2151204,4670500
2/25/2010,GOOG,262.5762557,262.2325361,259.0295272,263.2586913,6643100
2/26/2010,GOOG,262.7257006,262.4168622,260.7630511,264.8826259,4113800
3/1/2010,GOOG,263.6123602,265.3508578,262.8850941,265.6497475,4492500
3/2/2010,GOOG,266.740661,269.5202375,266.5065301,271.8116537,8746200
3/3/2010,GOOG,270.1678217,271.642281,268.6186244,273.0370586,6201800
3/4/2010,GOOG,272.2300808,276.2599952,272.080636,277.0271169,6391300
3/5/2010,GOOG,279.6273715,281.052026,278.9050803,282.7755702,7853700
3/8/2010,GOOG,281.3359622,280.1902691,279.4579988,281.5352119,4790600
3/9/2010,GOOG,278.8801781,279.0495204,277.2114131,281.2761783,6376900
3/10/2010,GOOG,280.8278742,287.1491739,280.0557782,288.1703548,11352100
3/11/2010,GOOG,286.0582908,289.4854206,286.0283834,292.0109682,8498200
3/12/2010,GOOG,292.9723652,288.6884224,288.4991215,293.0420978,5527400
3/15/2010,GOOG,282.2824361,280.5389636,276.9623586,283.6622602,9342600
3/16/2010,GOOG,279.8664772,281.545191,279.3334561,283.1491669,6888600
3/17/2010,GOOG,283.0894139,281.7245124,281.0719543,284.658508,6668000
3/18/2010,GOOG,281.3060852,282.14294,280.4293749,283.1591465,3567600
3/19/2010,GOOG,278.9548851,278.9548851,277.5999632,282.939969,9624200
3/22/2010,GOOG,277.0171378,277.7095519,276.105576,282.3670918,8039600
3/23/2010,GOOG,277.4804257,273.475414,269.9884694,278.113056,11043800
3/24/2010,GOOG,271.7369163,277.6248658,268.8427768,278.8801781,13179500
3/25/2010,GOOG,278.4667249,280.3895187,278.2874035,284.9324956,7891200
3/26/2010,GOOG,281.5800424,280.2948835,278.9648642,282.636105,5412500
3/29/2010,GOOG,280.4493027,280.1753156,279.2388208,281.3060852,6232200
3/30/2010,GOOG,280.3646166,282.2973592,279.0943812,282.7556424,3970500
3/31/2010,GOOG,281.4704531,282.5016136,280.354637,283.8066998,6084200
4/1/2010,GOOG,284.6087032,283.3384679,281.719538,285.6547867,4221100
4/5/2010,GOOG,284.3845514,284.4393306,283.4380775,286.3671292,3817200
4/6/2010,GOOG,283.6672346,283.0495578,281.6448006,284.379577,4135600
4/7/2010,GOOG,282.5912745,280.7182855,279.8814307,283.3135657,5181200
4/8/2010,GOOG,280.6086967,282.6859093,278.9797873,283.8615099,3909500
4/9/2010,GOOG,282.6859093,282.0532791,280.9474116,283.3235144,4128600
4/12/2010,GOOG,282.6161767,285.2961435,282.0532791,285.9287738,4722400
4/13/2010,GOOG,285.1965035,292.2899301,284.4991145,293.3409875,7853900
4/14/2010,GOOG,293.9287877,293.4007719,290.9150804,295.0645317,6830900
4/15/2010,GOOG,294.9798456,296.5390214,293.047103,297.8042824,13574200
4/16/2010,GOOG,280.4493027,274.0482603,273.7892268,283.3434422,24562600
4/19/2010,GOOG,273.3508713,274.0233582,271.4828875,275.9611055,7817100
4/20/2010,GOOG,276.0507665,276.484147,274.5015692,278.7855125,5977000
4/21/2010,GOOG,277.1914848,276.1155247,275.0495134,279.0794273,4800800
4/22/2010,GOOG,274.9698321,272.5090427,270.6609563,275.218886,6585900
4/23/2010,GOOG,272.603678,271.4779131,270.1229912,273.6348076,4194300
4/26/2010,GOOG,271.4679335,264.8278163,263.6173649,271.4779131,8770300
4/27/2010,GOOG,263.4878479,263.542627,262.6310349,268.1603412,7718100
4/28/2010,GOOG,265.0569425,263.6073858,259.5426205,266.4168692,6837700
4/29/2010,GOOG,265.6895733,265.0071377,262.3521039,267.2487491,6140700
4/30/2010,GOOG,264.5737571,261.8688876,261.7394015,267.8365494,4888900
5/3/2010,GOOG,262.2674173,264.3097487,261.5600492,265.4654209,3729500
5/4/2010,GOOG,262.277366,252.2399801,251.1640047,262.3869553,12198000
5/5/2010,GOOG,249.5550389,253.9286426,249.3009952,256.8975355,9198600
5/6/2010,GOOG,253.4255294,248.4043415,229.1415213,257.7941736,10037600
5/7/2010,GOOG,249.0519252,245.6496672,239.7667075,251.7169386,10216000
5/10/2010,GOOG,256.025799,259.8514589,255.3433484,260.4342844,8286800
5/11/2010,GOOG,256.8726328,253.5749737,253.161521,258.9697737,6670000
5/12/2010,GOOG,255.064402,251.7518049,250.063127,255.064402,7732400
5/13/2010,GOOG,257.2860856,254.4865664,254.2325067,260.0258059,6676400
5/14/2010,GOOG,253.9336324,252.8178163,247.1988645,254.5413605,8262800
5/17/2010,GOOG,252.4442041,253.0369937,248.244948,253.231269,5608400
5/18/2010,GOOG,254.0481955,248.2549116,247.6073274,254.5313963,5672100
5/19/2010,GOOG,247.2038388,246.2922621,242.9597517,248.7879173,6917100
5/20/2010,GOOG,241.6297324,236.6185087,236.015755,241.8837767,9863400
5/21/2010,GOOG,233.6546062,235.1440339,231.3332975,241.5948661,19454100
5/24/2010,GOOG,239.4678333,237.6894944,237.5101576,243.9809176,8723600
5/25/2010,GOOG,233.2013122,237.644664,231.1390376,237.8339495,6057300
5/26/2010,GOOG,240.1353298,236.8476504,236.6135189,243.9659791,6977200
5/27/2010,GOOG,241.5699485,244.3146736,239.6272268,245.2362145,5639200
5/28/2010,GOOG,245.4504176,241.9086789,240.5985874,245.8040864,5811200
6/1/2010,GOOG,239.3183884,240.2847747,239.1639692,244.6135479,5353500
6/2/2010,GOOG,242.4317204,245.7642458,239.8314658,246.0133003,5100500
6/3/2010,GOOG,246.6309925,251.8564193,246.426753,253.0519322,7328700
6/4/2010,GOOG,248.9273831,248.4292591,247.4230163,253.6745988,7869900
6/7/2010,GOOG,248.5986164,241.8538848,240.6733098,249.5201726,7292500
6/8/2010,GOOG,243.0145463,241.485262,237.8787799,243.5076959,5390200
6/9/2010,GOOG,242.7007181,236.1253437,235.1191163,243.5276242,5478300
6/10/2010,GOOG,239.2884965,242.5961037,237.0319615,243.3383232,5175000
6/11/2010,GOOG,240.349518,243.3383232,239.9111626,243.4429376,3576600
6/14/2010,GOOG,246.3171643,240.6932382,240.6932382,246.3271284,4096000
6/15/2010,GOOG,240.6384435,248.0656107,240.1901244,249.2661134,8551100
6/16/2010,GOOG,247.1590084,249.6994945,247.1291318,251.0594057,4595600
6/17/2010,GOOG,250.7854336,249.1067199,247.4180419,251.9909107,3969300
6/18/2010,GOOG,250.3171862,249.0818023,248.1353588,250.7953823,5767200
6/21/2010,GOOG,249.0170589,243.3682152,241.5400715,249.5500496,5989200
6/22/2010,GOOG,244.0357122,242.2175327,241.9584991,247.3732115,4456000
6/23/2010,GOOG,242.5363353,240.1253662,238.1876183,242.5363353,4073300
6/24/2010,GOOG,238.9348276,236.6633392,235.7467727,240.4740602,3801300
6/25/2010,GOOG,237.6396747,235.4578472,234.401815,237.9335746,4507100
6/28/2010,GOOG,235.4130167,235.1589724,233.6297035,237.8837697,3537700
6/29/2010,GOOG,230.8551019,226.2822331,224.7180825,231.4080199,7030400
6/30/2010,GOOG,226.6309276,221.6446061,221.5300276,228.0605715,7233400
7/1/2010,GOOG,221.8139638,218.9247986,216.005726,223.3631605,7053500
7/2/2010,GOOG,219.9858201,217.460273,217.1863009,220.3145868,3886400
7/6/2010,GOOG,221.1713694,217.2211822,216.005726,222.999528,5139300
7/7/2010,GOOG,218.3369983,224.2597992,216.8774625,224.802769,6282800
7/8/2010,GOOG,225.9285488,227.4279412,223.9908169,227.8115021,5357700
7/9/2010,GOOG,235.0991885,232.8725306,230.5263198,235.7467727,8695400
7/12/2010,GOOG,235.303428,237.0269722,234.6608331,238.8252384,6693700
7/13/2010,GOOG,240.2249908,243.6870177,239.243666,245.5749448,7982300
7/14/2010,GOOG,244.0257481,244.7530291,242.3221317,245.9933724,6259300
7/15/2010,GOOG,244.9473044,246.0880227,240.4391939,246.426753,9752800
7/16/2010,GOOG,233.6844981,228.947246,228.902416,234.401815,15708200
7/19/2010,GOOG,229.644635,232.2199875,227.9061373,233.9485061,9134700
7/20/2010,GOOG,229.6545992,239.8962246,229.4403961,240.5936131,8139300
7/21/2010,GOOG,241.0967268,237.8588521,236.8277226,241.9435452,6583700
7/22/2010,GOOG,240.713166,241.5002159,240.3395693,243.577429,4311400
7/23/2010,GOOG,239.4877456,244.115409,239.1091746,244.3794319,4545700
7/26/2010,GOOG,243.6322231,243.5724546,241.5350822,244.4591287,4005200
7/27/2010,GOOG,244.3744426,245.3956235,244.1702031,247.8215311,4920700
7/28/2010,GOOG,246.5463059,241.2710743,240.4342046,246.7007251,5010600
7/29/2010,GOOG,242.0680879,241.5898763,238.7704443,243.5276242,5371000
7/30/2010,GOOG,238.9298378,241.5201437,238.6757935,242.7704512,4304100
8/2/2010,GOOG,243.5824183,244.289756,242.5612374,245.7194004,3731300
8/3/2010,GOOG,244.3346019,244.0008454,242.4715765,245.3109369,3618100
8/4/2010,GOOG,245.1714562,252.2150625,244.6085735,252.5538083,7653500
8/5/2010,GOOG,252.0008749,253.1017525,250.8402282,253.3508219,4858900
8/6/2010,GOOG,251.7567947,249.1764525,247.0992394,251.9261524,6663800
8/9/2010,GOOG,250.1876697,251.7318771,249.744325,251.8065995,3758300
8/10/2010,GOOG,250.2374745,250.9149352,248.3545367,252.055669,4163400
8/11/2010,GOOG,247.9360942,244.9522787,244.8327258,248.0706005,4462600
8/12/2010,GOOG,241.0668348,245.0867696,240.3545078,246.4516557,4425700
8/13/2010,GOOG,243.5873927,242.2673375,242.0979798,244.6783066,3883800
8/16/2010,GOOG,240.9373183,241.8887511,239.3532547,244.0207737,2619700
8/17/2010,GOOG,243.3532767,244.3445506,242.107944,246.426753,3795400
8/18/2010,GOOG,244.3047095,240.1751705,239.8762963,244.5188976,5392800
8/19/2010,GOOG,239.6072985,233.1116364,232.7529777,240.3545078,7879300
8/20/2010,GOOG,233.1116364,230.1477487,229.6496094,234.9148923,7864500
8/23/2010,GOOG,229.8887152,231.1689147,228.0107517,233.2511171,5994700
8/24/2010,GOOG,227.9958132,224.8525888,224.6184579,228.3295543,5546000
8/25/2010,GOOG,224.1601746,226.4615545,224.1601746,228.0506078,5203500
8/26/2010,GOOG,227.1788718,224.6483498,224.3793521,227.7766358,3567200
8/27/2010,GOOG,225.4353993,228.5586959,222.9895639,229.136532,4642100
8/30/2010,GOOG,228.7181044,225.5001575,225.3656667,229.0219684,2471900
8/31/2010,GOOG,224.2149688,224.1701383,223.1639109,226.5860972,3908100
9/1/2010,GOOG,226.6408918,229.3059047,225.4055073,231.6022952,6480700
9/2/2010,GOOG,230.5562122,230.7255849,229.2959405,231.3482515,3380900
9/3/2010,GOOG,234.3818866,234.2722979,232.8476284,235.0593479,5099700
9/7/2010,GOOG,231.3831178,231.3332975,230.6458726,232.9223508,3432500
9/8/2010,GOOG,231.7268225,234.4117637,231.3880921,235.3681863,4821600
9/9/2010,GOOG,238.0232355,237.2013192,234.4117637,239.3034499,4879300
9/10/2010,GOOG,238.6160251,237.1813914,236.6533751,238.9995859,3963300
9/13/2010,GOOG,239.5525044,240.2349549,238.8700688,241.2710743,4499700
9/14/2010,GOOG,240.1054379,239.3183884,239.1440409,241.4703239,4449500
9/15/2010,GOOG,239.0792827,239.4230028,238.3569915,240.0456694,4823600
9/16/2010,GOOG,239.0792827,239.6322161,238.8102849,240.3246153,3953700
9/17/2010,GOOG,240.9721846,244.1602544,239.6919851,244.683281,11325400
9/20/2010,GOOG,245.3308652,253.1914129,245.1116872,254.252435,8840000
9/21/2010,GOOG,253.8888019,255.7717397,253.5052411,259.0195785,8966000
9/22/2010,GOOG,255.4728655,257.0370007,254.8850652,257.9236907,5093100
9/23/2010,GOOG,256.3445861,255.7817039,254.6957797,258.875108,4652100
9/24/2010,GOOG,259.8962889,262.6609423,258.162796,262.9299246,6738900
9/27/2010,GOOG,263.4380127,264.2151139,263.4380127,267.4230966,6238000
9/28/2010,GOOG,265.7443828,262.6011584,258.2574312,265.799162,7336700
9/29/2010,GOOG,262.9399042,262.860192,261.3757535,265.4754005,4360600
9/30/2010,GOOG,263.5924319,261.9137485,258.4915627,264.9423794,6512400
10/1/2010,GOOG,264.0108899,261.8290624,260.5239453,264.3197283,4466600
10/4/2010,GOOG,261.495291,260.2001529,258.4566809,263.1391534,3895400
10/5/2010,GOOG,263.2039121,268.110506,262.29232,268.9922216,7040400
10/6/2010,GOOG,268.6235988,266.1777634,263.9809825,268.967319,5545200
10/7/2010,GOOG,267.1042786,264.0158642,263.5824831,267.5974436,4809400
10/8/2010,GOOG,265.390714,267.1740117,262.8253102,267.7966932,5739800
10/11/2010,GOOG,268.2350487,268.41437,267.5824901,271.2836378,5272200
10/12/2010,GOOG,269.0519751,269.6846054,267.8913285,271.9760216,7535300
10/13/2010,GOOG,272.4791353,270.6360536,270.1528682,272.7232458,6134000
10/14/2010,GOOG,271.0744091,269.4554792,267.5526131,271.6074297,13317800
10/15/2010,GOOG,298.5165945,299.6025341,294.6959094,299.6971689,29760600
10/18/2010,GOOG,299.1541996,307.7021877,299.1541996,308.6884873,14249500
10/19/2010,GOOG,303.2887279,302.7806398,300.304897,306.2625797,9210100
10/20/2010,GOOG,302.935059,302.8553473,302.6162415,307.5377894,7076500
10/21/2010,GOOG,304.6137424,304.8528482,301.8690477,306.8503794,5862800
10/22/2010,GOOG,304.8179968,305.1218609,303.8864769,306.2625797,4529100
10/25/2010,GOOG,306.6461559,307.0994339,306.3372866,311.2040553,6340400
10/26/2010,GOOG,305.4057971,308.1455175,304.3746675,309.4556089,5044600
10/27/2010,GOOG,306.7358164,307.0845109,305.0222208,308.8429065,4500500
10/28/2010,GOOG,308.8678086,308.1355687,305.5054067,309.3410453,4384900
10/29/2010,GOOG,307.3833702,305.7046564,305.3509875,308.3447671,4573600
11/1/2010,GOOG,306.7158886,306.3522406,304.4643285,309.1716727,6197200
11/2/2010,GOOG,308.1803992,306.6511303,306.1430422,308.8429065,4010000
11/3/2010,GOOG,307.5975733,308.9325669,305.6050468,309.7544986,6786200
11/4/2010,GOOG,311.1542505,310.9699548,309.8889895,313.7844125,7168300
11/5/2010,GOOG,310.426985,311.373428,309.3958554,311.577652,3544600
11/8/2010,GOOG,310.8454121,312.2152875,310.4020823,313.5702094,4218300
11/9/2010,GOOG,313.8242382,311.2439114,309.0969657,314.2476701,4491000
11/10/2010,GOOG,309.8790408,310.2775401,307.6025476,310.337324,5012600
11/11/2010,GOOG,308.6934616,307.4431541,305.9587156,308.768199,4540100
11/12/2010,GOOG,305.8491269,300.5191006,299.4829658,307.2986836,6811300
11/15/2010,GOOG,300.4144863,296.6236776,295.9163399,300.8727695,6983800
11/16/2010,GOOG,295.2737605,290.7706099,290.6361185,297.8291851,6639500
11/17/2010,GOOG,291.4082449,290.6859233,289.6000145,293.6498259,4903200
11/18/2010,GOOG,293.4007719,297.1666475,293.1815939,298.8702634,5199300
11/19/2010,GOOG,297.3858249,294.312364,294.0682535,297.8291851,4612100
11/22/2010,GOOG,292.6386246,294.5066084,290.287424,295.6124759,4389500
11/23/2010,GOOG,292.4094675,290.416941,288.0209099,293.4057462,4341300
11/24/2010,GOOG,292.5589124,296.3746232,292.4293953,297.1865753,4810600
11/26/2010,GOOG,294.1280374,293.8989107,292.4044932,295.3833497,2632000
11/29/2010,GOOG,293.485458,289.9686369,288.8926464,293.7992707,5740800
11/30/2010,GOOG,286.0881673,276.8178881,275.6223597,286.0881673,14288100
12/1/2010,GOOG,280.4493027,281.1217591,280.1504135,284.7182919,7536300
12/2/2010,GOOG,283.2687352,284.8428346,281.619898,285.5950028,5114800
12/3/2010,GOOG,283.6622602,285.4306349,282.939969,287.1641279,5282000
12/6/2010,GOOG,289.2014848,288.1006221,287.2288861,289.9138273,4203200
12/7/2010,GOOG,294.5315415,292.4742258,291.9063538,295.3932984,6107100
12/8/2010,GOOG,294.880236,294.1678935,290.7556863,295.1541926,3526900
12/9/2010,GOOG,295.8316533,294.6461046,293.4007719,296.6784872,3751700
12/10/2010,GOOG,295.463031,294.9997734,294.0433508,295.8864634,3422100
12/13/2010,GOOG,297.4456088,296.2002761,295.9362677,300.3746301,4814800
12/14/2010,GOOG,297.4306554,296.3447466,295.1342648,298.0284348,3298800
12/15/2010,GOOG,295.9910469,294.0483556,293.4754789,297.1118683,4351600
12/16/2010,GOOG,295.3185909,294.7507189,292.9375138,295.7768742,3205600
12/17/2010,GOOG,294.3970197,294.2974101,292.7382337,295.1741204,6197200
12/20/2010,GOOG,296.2152296,296.4194536,293.2313987,297.8241804,3961300
12/21/2010,GOOG,298.1679,300.4095119,297.689689,301.2314431,3773000
12/22/2010,GOOG,300.8727695,301.6149885,300.5141263,302.3671871,2424000
12/23/2010,GOOG,301.5402815,300.9873326,299.8914442,301.8690477,2229900
12/27/2010,GOOG,300.2451131,300.0657917,298.6311576,300.7631803,2425200
12/28/2010,GOOG,299.9014238,298.3422475,297.8889386,300.8080107,2137500
12/29/2010,GOOG,299.8764908,299.3783818,298.3422475,300.0807452,2046000
12/30/2010,GOOG,297.8839643,298.3123705,297.5801002,299.5427497,1986300
12/31/2010,GOOG,297.2563079,295.8764838,294.9101125,298.093193,3090000
1/3/2011,GOOG,297.1268217,301.0471165,297.1268217,301.6647933,4748100
1/4/2011,GOOG,301.6797472,299.9362747,298.9400269,301.9587086,3662600
1/5/2011,GOOG,298.9150938,303.3983166,298.9051451,304.025973,5083500
1/6/2011,GOOG,304.20032,305.6050468,303.8864769,308.0608309,4131000
1/7/2011,GOOG,306.8055495,307.0695574,303.926333,307.9711699,4218100
1/10/2011,GOOG,306.252631,305.9587156,303.1442574,306.5465154,3170100
1/11/2011,GOOG,307.7021877,306.8553538,306.1031861,308.2451575,2889300
1/12/2011,GOOG,308.5191141,307.2837605,306.237677,308.5191141,3277500
1/13/2011,GOOG,307.3335653,307.1940996,305.933813,308.6785386,2677900
1/14/2011,GOOG,307.5477685,310.9251243,307.3883749,310.9699548,4748900
1/18/2011,GOOG,311.8615882,318.6212737,311.4680632,319.7968738,7261000
1/19/2011,GOOG,319.8616326,314.6959742,313.6548959,320.2800597,6837700
1/20/2011,GOOG,314.9251313,312.2152875,310.4817641,315.8566208,11012600
1/21/2011,GOOG,318.5963716,304.7731668,304.5390354,319.6673573,17875500
1/24/2011,GOOG,302.6511233,304.3995697,299.4929454,305.1019331,9232700
1/25/2011,GOOG,302.964936,308.798076,302.1280818,309.1866261,7320800
1/26/2011,GOOG,309.0073048,307.0994339,306.4917362,310.0832648,4091400
1/27/2011,GOOG,307.7918486,307.2439044,305.4805041,308.6934616,4053400
1/28/2011,GOOG,308.3796489,299.3733771,298.7606746,309.0222278,8493800
1/31/2011,GOOG,300.6735198,299.0595643,296.6635337,301.1069004,5630800
2/1/2011,GOOG,301.1168491,304.3796419,300.4294397,305.5303089,5511000
2/2/2011,GOOG,304.3597136,304.8578529,302.631195,306.0234739,3534500
2/3/2011,GOOG,303.6025406,303.9362817,301.9338065,304.5838659,3001300
2/4/2011,GOOG,303.9362817,304.3497345,302.1729117,304.5788915,3113200
2/7/2011,GOOG,303.9412864,305.9985717,303.4680497,308.0409031,3612500
2/8/2011,GOOG,306.3173892,308.0359287,306.1081605,308.6586103,3402400
2/9/2011,GOOG,307.2837605,307.0994339,305.0271952,308.5689493,3698700
2/10/2011,GOOG,305.8042964,307.0695574,304.6386755,307.5975733,4686200
2/11/2011,GOOG,305.7495172,311.0845179,305.3559619,311.3335723,5199100
2/14/2011,GOOG,310.5066663,312.9026974,308.8628343,313.6449164,4271800
2/15/2011,GOOG,312.4892441,310.9101704,310.3871288,313.8690687,4199500
2/16/2011,GOOG,311.6474155,310.9450217,309.8889895,312.0807966,3380500
2/17/2011,GOOG,309.465588,311.4630889,308.9824026,312.4543932,2968600
2/18/2011,GOOG,311.8317117,313.8640943,310.9251243,314.412038,6459800
2/22/2011,GOOG,308.8578599,303.9661891,302.7507329,311.298721,7307000
2/23/2011,GOOG,304.025973,304.5191071,300.8727695,306.2027957,5800700
2/24/2011,GOOG,304.5539889,303.2737744,299.5527293,305.4008227,5443700
2/25/2011,GOOG,304.7880899,303.8815025,303.6125202,306.2127748,3879200
2/28/2011,GOOG,303.8615747,305.5552419,302.8703008,307.0944596,4580000
3/1/2011,GOOG,307.7370694,299.258814,298.5315485,308.4543558,6671200
3/2/2011,GOOG,298.7806025,299.2737674,296.4842119,301.8690477,4068500
3/3/2011,GOOG,302.0583183,303.6423968,301.3709088,304.6037937,3905000
3/4/2011,GOOG,303.0296943,299.1890814,298.9798521,303.3534867,6044500
3/7/2011,GOOG,299.1541996,294.7258168,292.4044932,300.7183503,6951300
3/8/2011,GOOG,295.358447,295.0495782,293.9985204,297.8740156,4586800
3/9/2011,GOOG,294.3970197,294.780596,291.781842,296.145497,4318100
3/10/2011,GOOG,291.6274228,289.0669934,288.643592,292.2152226,6279500
3/11/2011,GOOG,288.0308895,287.2786909,285.5950028,288.9175486,6086600
3/14/2011,GOOG,285.3309944,283.9312425,282.9499177,288.0657404,5653200
3/15/2011,GOOG,277.7095519,283.7170394,276.7132737,284.4343562,8041200
3/16/2011,GOOG,282.9449434,277.5103023,274.611158,283.8316329,7625300
3/17/2011,GOOG,281.1865174,279.6323458,279.2238674,283.4380775,5820200
3/18/2011,GOOG,281.2662291,279.482901,278.8253681,282.9349638,6621800
3/21/2011,GOOG,284.0458056,287.1741069,283.4480566,288.817939,6064400
3/22/2011,GOOG,287.5576523,287.582555,285.1865548,288.5340032,3787800
3/23/2011,GOOG,286.5215484,289.993539,284.9324956,290.1379791,3645900
3/24/2011,GOOG,291.6224176,292.349714,288.3197996,293.0969078,4213000
3/25/2011,GOOG,292.3447093,288.7880624,288.5389776,292.3596627,5738200
3/28/2011,GOOG,289.9487091,286.606235,286.2824426,291.4032401,4453300
3/29/2011,GOOG,286.9250221,289.7793359,285.4356093,289.8590481,3221600
3/30/2011,GOOG,291.0993761,289.8341151,289.2064896,291.6572993,2855200
3/31/2011,GOOG,290.4119667,292.2849557,289.7843103,292.9823442,4073900
4/1/2011,GOOG,293.2812035,294.7955494,293.2812035,296.4842119,5245900
4/4/2011,GOOG,295.3932984,292.743239,290.4617715,296.2600601,4124300
4/5/2011,GOOG,289.4555441,283.4829384,281.7842968,289.6597681,12140200
4/6/2011,GOOG,285.022156,286.0184347,282.939969,286.5065949,5356500
4/7/2011,GOOG,286.7905307,288.9175486,286.023409,289.2363661,5081900
4/8/2011,GOOG,291.3534353,288.0009821,287.9511773,291.3534353,3817800
4/11/2011,GOOG,287.0246621,287.6074571,285.4306349,287.9711056,3730300
4/12/2011,GOOG,286.4268827,284.2400809,282.9648712,287.378331,4186700
4/13/2011,GOOG,286.6809419,287.0645182,284.8079529,287.7220511,4154200
4/14/2011,GOOG,286.5215484,288.1753291,284.9823004,288.643592,10953400
4/15/2011,GOOG,271.6273271,264.3595844,264.0407664,271.8564842,28192500
4/18/2011,GOOG,262.2275612,262.4367596,258.5314188,262.8452385,10117300
4/19/2011,GOOG,263.9859568,259.7916745,259.4778618,264.4492448,5388200
4/20/2011,GOOG,261.9685276,261.8838416,259.7219419,262.4268109,6142900
4/21/2011,GOOG,262.7605519,261.5700288,260.2200813,263.1540769,4958600
4/25/2011,GOOG,261.6447358,261.5451262,260.0307803,262.5164718,3273700
4/26/2011,GOOG,262.277366,265.4156161,261.6248075,267.716981,7026100
4/27/2011,GOOG,267.9959429,267.8764055,266.1777634,268.0507525,4613900
4/28/2011,GOOG,268.0258199,267.9809895,266.0432725,268.6186244,4014800
4/29/2011,GOOG,268.9922216,271.034553,268.2500021,271.034553,8488600
5/2/2011,GOOG,271.831582,268.2749048,267.5575875,271.8465354,4283300
5/3/2011,GOOG,267.5625618,265.9486068,263.8265633,269.9934747,4178500
5/4/2011,GOOG,266.5862418,266.8950802,265.5152258,268.4940823,4249800
5/5/2011,GOOG,265.9336838,266.1379073,264.7580832,268.703311,4010400
5/6/2011,GOOG,268.0706808,266.6510006,266.5912162,269.7194871,4127600
5/9/2011,GOOG,266.5015557,267.8365494,264.5588335,268.240023,3911900
5/10/2011,GOOG,268.9922216,270.3172361,267.7668167,271.1989513,4101000
5/11/2011,GOOG,269.0619542,266.7257076,265.8489972,270.7605963,4695000
5/12/2011,GOOG,266.6210932,266.5264579,264.4641679,267.467927,2907300
5/13/2011,GOOG,266.3072804,263.7867072,263.5376527,266.959839,4233100
5/16/2011,GOOG,262.1727517,258.2424778,257.2362504,262.6509632,5938500
5/17/2011,GOOG,256.753065,264.240016,256.5538153,264.6185871,6631900
5/18/2011,GOOG,263.7817328,263.9162242,261.8688876,264.1752578,3921000
5/19/2011,GOOG,265.3707856,264.633541,263.8713937,267.2686774,4955800
5/20/2011,GOOG,264.9075281,261.0370077,260.5887036,265.0021633,4652300
5/23/2011,GOOG,257.3358904,258.2275547,255.7418632,259.0295272,4617100
5/24/2011,GOOG,259.2138538,258.162796,258.1079864,261.0021563,3814100
5/25/2011,GOOG,257.699508,258.8651593,257.6596828,260.4093822,2612900
5/26/2011,GOOG,257.8838346,258.0980377,256.5388614,260.0855899,4252800
5/27/2011,GOOG,258.2723852,259.4778618,257.1864456,259.9211916,3504500
5/31/2011,GOOG,261.5201931,263.5226992,260.7729998,263.5376527,5394600
6/1/2011,GOOG,263.034539,261.8190828,261.6746432,265.6049171,5933900
6/2/2011,GOOG,262.8004081,263.0444877,260.2649117,264.1603038,4425500
6/3/2011,GOOG,260.0258059,260.5638014,259.7767515,262.8153615,3510000
6/6/2011,GOOG,260.7929276,259.557574,258.6559306,262.4268109,3898600
6/7/2011,GOOG,260.4691357,258.5463418,258.5264135,261.3358974,3829400
6/8/2011,GOOG,257.3010087,258.6160745,256.927412,259.6472349,3319100
6/9/2011,GOOG,259.0295272,257.4006487,256.8576794,259.0295272,3390700
6/10/2011,GOOG,256.0805781,253.8041154,253.6945266,257.3807209,4898000
6/13/2011,GOOG,254.0481955,251.4230387,250.1478136,254.1478355,4872700
6/14/2011,GOOG,253.1266547,253.2362434,252.5488185,256.0805781,4700400
6/15/2011,GOOG,251.5724836,250.5363642,249.3707278,253.2262797,4162000
6/16/2011,GOOG,250.4666161,249.2511749,247.4080783,252.3396052,5534600
6/17/2011,GOOG,252.1453299,241.6048148,241.4952261,252.3993737,10530000
6/20/2011,GOOG,241.5948661,241.3856374,238.720624,242.2075686,6079800
6/21/2011,GOOG,242.6857647,245.5799346,241.4603598,246.048182,5551400
6/22/2011,GOOG,244.8078232,242.5961037,242.4566231,245.2561428,4832200
6/23/2011,GOOG,240.1652218,239.213774,235.9808887,240.5288548,9639300
6/24/2011,GOOG,239.4429157,236.5537505,235.6272198,239.4777969,7639700
6/27/2011,GOOG,236.115395,240.4989628,235.9161304,243.2885184,6915100
6/28/2011,GOOG,241.1066909,245.9037115,241.1066909,247.1789362,5450500
6/29/2011,GOOG,247.3433195,247.8563974,245.2710808,249.191391,4703400
6/30/2011,GOOG,250.0581527,252.2449545,249.8140725,252.38941,4874900
7/1/2011,GOOG,252.4242913,259.5426205,252.2449545,259.6173275,7300500
7/5/2011,GOOG,261.669638,265.2263152,261.669638,266.7008054,7727100
7/6/2011,GOOG,265.7543315,266.6808771,265.5252048,268.2500021,5411300
7/7/2011,GOOG,269.490361,272.2798856,266.9399107,274.3122683,7900400
7/8/2011,GOOG,265.4803749,265.0021633,262.6509632,267.8215959,9576100
7/11/2011,GOOG,263.1042721,262.655968,261.769278,266.9897155,5699800
7/12/2011,GOOG,263.0943234,266.0083907,262.0183325,268.703311,5703600
7/13/2011,GOOG,267.4978036,268.12546,267.23877,270.9847481,5601200
7/14/2011,GOOG,268.5538662,263.4828431,262.3819804,269.9884694,13348700
7/15/2011,GOOG,297.6349098,297.6946937,292.9823442,299.0047852,27567000
7/18/2011,GOOG,295.1392392,296.3596697,294.895159,299.9014238,8970000
7/19/2011,GOOG,296.9574491,300.1504778,296.653585,301.2115148,5957200
7/20/2011,GOOG,299.9661821,296.5639241,296.5639241,300.2899436,4472200
7/21/2011,GOOG,295.9063912,302.3621823,295.8964121,302.8952034,6964900
7/22/2011,GOOG,301.5651837,307.9612212,301.0072604,308.593852,7082700
7/25/2011,GOOG,305.5353141,308.3348184,305.3559619,311.5378267,6286600
7/26/2011,GOOG,307.8715608,310.0982182,307.4581075,312.578905,4703200
7/27/2011,GOOG,307.4381797,302.4767758,301.2463662,309.3161432,7898200
7/28/2011,GOOG,301.4655436,304.3298067,300.3746301,306.8404004,6240000
7/29/2011,GOOG,300.9873326,300.7183503,300.7183503,306.3323123,8305700
8/1/2011,GOOG,304.4693028,302.2525936,298.4717641,306.6013255,7961800
8/2/2011,GOOG,301.8690477,295.0944087,294.6809559,303.6971759,6425100
8/3/2011,GOOG,296.0259286,299.4630684,290.7257794,300.3746301,7680000
8/4/2011,GOOG,296.1404917,287.682195,287.6572923,298.3073961,9866000
8/5/2011,GOOG,290.1828096,288.4393679,279.9511638,293.8989107,11902500
8/8/2011,GOOG,280.4393236,271.9909756,271.1590951,283.4380775,15049300
8/9/2011,GOOG,279.4530245,285.6348584,269.4953353,286.2326074,12987800
8/10/2011,GOOG,279.6423254,273.4803884,272.8427838,281.0071955,10779400
8/11/2011,GOOG,275.876419,280.0159221,273.1815291,283.189023,9697300
8/12/2011,GOOG,283.6871624,280.8328485,279.1541348,284.1853017,6332200
8/15/2011,GOOG,275.6821436,277.575061,272.005929,281.4405766,14343200
8/16/2011,GOOG,275.1840048,268.4940823,264.1603038,275.1890095,13930700
8/17/2011,GOOG,269.0071447,265.579984,264.3944352,270.8303289,8188700
8/18/2011,GOOG,260.7580767,251.4977611,249.3109439,261.4654139,12628400
8/19/2011,GOOG,248.7380975,244.5438152,244.5139233,256.4741031,10860500
8/22/2011,GOOG,251.0594057,248.1552871,246.3420665,252.5538083,9848500
8/23/2011,GOOG,250.8103363,258.4417275,248.5986164,259.731921,8726000
8/24/2011,GOOG,258.6957867,260.6683854,257.6497032,264.0108899,7215800
8/25/2011,GOOG,264.2001599,259.0494555,258.1827243,267.632295,6610500
8/26/2011,GOOG,259.0245529,262.4467392,255.6123462,264.2350417,7219400
8/29/2011,GOOG,266.2823778,268.5339384,265.7842389,268.7182341,4689000
8/30/2011,GOOG,268.0905782,269.3409161,264.4143631,270.4816344,6000300
8/31/2011,GOOG,271.3533705,269.4704327,266.9996642,272.1304717,5406700
9/1/2011,GOOG,269.3658183,265.2562226,264.6185871,270.9000616,4849000
9/2/2011,GOOG,261.2561852,261.4405118,259.3931757,262.9747551,4820300
9/6/2011,GOOG,254.4467103,260.1154669,254.2972654,260.404377,5451900
9/7/2011,GOOG,264.2350417,266.0183698,262.7157215,266.9697877,5532200
9/8/2011,GOOG,265.9037764,266.4816274,264.9573329,268.5438871,4778700
9/9/2011,GOOG,264.7082784,261.4454861,259.6223323,266.3272082,6562000
9/12/2011,GOOG,258.0133511,264.0706434,257.7841946,265.0021633,5360700
9/13/2011,GOOG,265.0071377,263.7717841,260.723195,265.9436325,4726000
9/14/2011,GOOG,265.301053,265.0420194,261.9286715,267.4729014,5408900
9/15/2011,GOOG,266.7506102,270.2674313,266.2823778,271.4729079,5943700
9/16/2011,GOOG,271.3832475,272.3197418,270.5563414,272.399454,7095000
9/19/2011,GOOG,269.1665686,272.3147674,266.6908258,273.9237485,4955200
9/20/2011,GOOG,273.6746637,272.2948396,270.3222409,278.21764,5578900
9/21/2011,GOOG,272.8228555,268.5937223,268.4243496,276.4642192,5047400
9/22/2011,GOOG,262.1428751,259.3582939,256.040722,263.4031618,8833500
9/23/2011,GOOG,257.3159626,261.7742523,256.2898069,262.2275612,5575300
9/26/2011,GOOG,262.6410145,264.9523585,255.6671408,265.4703953,5288000
9/27/2011,GOOG,268.0955829,268.6634549,267.0245973,272.5040684,6044300
9/28/2011,GOOG,269.739415,263.4330383,262.8651663,270.9946968,4543500
9/29/2011,GOOG,267.0195925,262.7655567,258.7356428,267.6472484,5834900
9/30/2011,GOOG,259.1341416,256.5587897,256.230023,261.0220846,5467500
10/3/2011,GOOG,253.9734885,246.8352315,246.5761979,255.0444742,8982200
10/4/2011,GOOG,244.1004705,250.0133222,239.4030745,250.7804438,8348700
10/5/2011,GOOG,247.2486693,251.4081002,239.4877456,252.9523077,9102100
10/6/2011,GOOG,252.8028628,256.3944218,250.3620167,256.6534553,6874200
10/7/2011,GOOG,257.4504535,256.5986458,254.1976403,259.2786121,5733100
10/10/2011,GOOG,261.6098844,267.5824901,260.6235549,267.731935,4661700
10/11/2011,GOOG,265.7344341,270.5762697,265.7344341,272.3795257,5728100
10/12/2011,GOOG,273.0420329,273.2263595,271.2985609,276.5787823,6379300
10/13/2011,GOOG,273.9885068,278.4517714,272.9872538,278.4567458,11417700
10/14/2011,GOOG,298.6162345,294.7357655,292.6884289,298.6809933,17123600
10/17/2011,GOOG,290.7706099,290.1180513,287.9213008,294.8104725,8046400
10/18/2011,GOOG,289.0122143,294.1529396,287.6224111,295.1741204,7630000
10/19/2011,GOOG,292.5738658,289.2662431,288.5290289,294.9250664,5884900
10/20/2011,GOOG,289.8640225,290.7457072,288.6734685,293.3459618,6783200
10/21/2011,GOOG,293.6548002,294.1429909,292.2550483,295.2687557,6807300
10/24/2011,GOOG,292.2650274,297.0969143,292.1554387,298.865289,6879400
10/25/2011,GOOG,295.4431032,290.4916784,290.3372592,296.3895766,5099900
10/26/2011,GOOG,293.6747285,292.060773,285.3609018,293.9885717,5767600
10/27/2011,GOOG,298.093193,298.2177048,295.5427432,300.2251853,7588800
10/28/2011,GOOG,296.1504713,298.9499756,296.0159799,300.0259356,5034700
10/31/2011,GOOG,296.4344071,295.2139765,294.7307911,298.7258233,5134700
11/1/2011,GOOG,288.9673838,288.2450926,287.2986187,291.6622737,6273500
11/2/2011,GOOG,291.3584097,291.3185535,289.1566544,292.8827042,4257600
11/3/2011,GOOG,292.4044932,297.6349098,290.7706099,297.6349098,5359500
11/4/2011,GOOG,295.6423833,296.9574491,295.1093622,298.7507259,5690700
11/7/2011,GOOG,295.552692,303.0296943,295.0097525,303.2538466,6739900
11/8/2011,GOOG,303.3634354,305.0271952,300.6735198,306.0384278,6081400
11/9/2011,GOOG,301.002286,299.3534797,298.2127305,303.5577107,7449700
11/10/2011,GOOG,301.8341664,296.4294327,294.6759816,301.8441455,5758200
11/11/2011,GOOG,299.5278267,303.039643,298.182854,304.9026834,7983700
11/14/2011,GOOG,302.865296,305.3559619,302.7557073,307.8864839,6401200
11/15/2011,GOOG,305.2563523,307.1293413,304.1106287,307.8864839,5372000
11/16/2011,GOOG,304.8976786,304.593845,304.1654388,307.9960726,5236500
11/17/2011,GOOG,303.8864769,299.3136236,297.2762362,305.002293,7012700
11/18/2011,GOOG,299.8764908,296.3297927,295.7668951,301.1218544,6599900
11/21/2011,GOOG,292.7830946,289.3858109,284.977326,293.1516865,6025000
11/22/2011,GOOG,288.9175486,288.9175486,286.5464511,291.3932914,4828600
11/23/2011,GOOG,286.6012297,283.9910264,283.9910264,289.0420913,4668900
11/25/2011,GOOG,281.5402167,280.4493027,279.6173924,286.0632652,3136400
11/28/2011,GOOG,288.6037358,292.9972673,287.1741069,293.3111109,5678900
11/29/2011,GOOG,292.8428481,290.3770849,289.5800862,294.0782326,3677200
11/30/2011,GOOG,297.8590616,298.5763784,294.9399895,298.6361628,6819300
12/1/2011,GOOG,298.8802425,305.7395382,298.3821036,306.8503794,7268300
12/2/2011,GOOG,307.3734215,309.0222278,306.9798965,310.835433,8201900
12/5/2011,GOOG,312.6486685,311.6573642,310.0384343,314.7707121,6418800
12/6/2011,GOOG,310.3323193,310.7208699,308.9624743,313.1368283,4670300
12/7/2011,GOOG,309.6797911,310.5315993,307.896463,311.6623385,4531500
12/8/2011,GOOG,309.3609736,306.8752821,306.5016854,312.5540029,4844200
12/9/2011,GOOG,307.8466581,312.5390798,307.3534932,313.3908875,5553100
12/12/2011,GOOG,309.7794008,311.5278476,308.987377,311.9213721,4384100
12/13/2011,GOOG,313.2065614,311.6474155,310.2625867,317.0920048,8086500
12/14/2011,GOOG,309.7644473,307.8815095,305.1019331,310.9948569,7836600
12/15/2011,GOOG,310.0982182,308.6137798,308.1903479,310.835433,4835200
12/16/2011,GOOG,310.9948569,311.8117834,309.5751767,313.4855228,8952000
12/19/2011,GOOG,312.8329642,309.7544986,308.8429065,313.0770444,4302900
12/20/2011,GOOG,312.8279899,314.0085643,312.8230155,314.7408047,4794200
12/21/2011,GOOG,313.829243,311.7420508,308.3248388,314.730856,5014400
12/22/2011,GOOG,312.8030877,313.6748238,312.3348249,314.6860255,3658200
12/23/2011,GOOG,314.8205164,315.3883889,314.1031996,316.1555105,2918200
12/27/2011,GOOG,314.8454191,318.9301121,314.8205164,321.042207,3224800
12/28/2011,GOOG,320.1754453,318.6561555,317.8591265,321.2962662,4270200
12/29/2011,GOOG,319.5478198,320.0010978,316.4145441,320.2999875,3162500
12/30/2011,GOOG,319.8118278,321.7445704,319.8118278,322.1729766,3577800
1/3/2012,GOOG,325.2514427,331.4631537,324.9675065,332.8280547,7380500
1/4/2012,GOOG,331.2738837,332.892813,329.0771022,333.8741383,5749400
1/5/2012,GOOG,329.8293008,328.2750988,326.8903004,330.7458673,6590300
1/6/2012,GOOG,328.3448623,323.7968808,323.6823177,328.7682638,5405900
1/9/2012,GOOG,322.0434601,310.0683113,309.4556089,322.2925145,11688800
1/10/2012,GOOG,313.6997259,310.4070571,307.3036883,315.7171551,8824000
1/11/2012,GOOG,310.5863785,311.8117834,309.4008297,313.5203742,4817800
1/12/2012,GOOG,314.4319663,313.6449164,312.0807966,315.2638462,3764400
1/13/2012,GOOG,311.9612282,311.328598,309.3709223,312.3049484,4631800
1/17/2012,GOOG,314.8105677,313.1169005,311.6723176,314.8105677,3832800
1/18/2012,GOOG,312.1455244,315.2738253,309.8989691,315.8167951,5544000
1/19/2012,GOOG,319.298735,318.5913972,314.5515341,319.298735,12657800
1/20/2012,GOOG,294.1629192,291.9013795,289.7643825,294.3970197,21231800
1/23/2012,GOOG,291.9063538,291.6672481,290.4916784,293.2313987,6851300
1/24/2012,GOOG,292.0657778,289.3808366,287.9213008,292.743239,6134400
1/25/2012,GOOG,287.6772207,283.682188,282.1329913,288.2749696,10012700
1/26/2012,GOOG,284.922516,282.9897734,281.2213992,286.1678795,6476500
1/27/2012,GOOG,284.3247675,288.9075999,283.6024758,289.0769725,7262000
1/30/2012,GOOG,287.9462029,287.7668816,285.6298841,288.9175486,4678400
1/31/2012,GOOG,290.4119667,288.9723582,286.5016206,290.9101055,4300700
2/1/2012,GOOG,291.378338,289.3310014,288.4891728,291.6572993,4658700
2/2/2012,GOOG,291.3434866,291.463024,289.9536834,292.1106082,4847400
2/3/2012,GOOG,294.2276774,297.0520839,292.9275347,297.4207067,6360700
2/6/2012,GOOG,296.394551,303.4082658,295.8964121,304.2750275,7386700
2/7/2012,GOOG,302.4418945,302.2525936,300.7532316,303.5577107,4199700
2/8/2012,GOOG,303.1841135,303.7868672,301.2413918,304.5340611,3686400
2/9/2012,GOOG,304.8678016,304.5888403,303.3634354,306.1031861,4546300
2/10/2012,GOOG,302.8055425,301.8242177,300.8727695,302.9300543,4667700
2/13/2012,GOOG,304.1106287,304.9574626,303.8715234,305.7744194,3646100
2/14/2012,GOOG,304.6286964,303.7420368,301.2513405,304.8578529,3620900
2/15/2012,GOOG,305.3211105,301.6498702,300.1554522,305.3211105,4869900
2/16/2012,GOOG,300.2849692,302.1280818,297.7494729,303.2688001,5080700
2/17/2012,GOOG,301.3559549,301.191587,300.0757708,302.6809998,4916400
2/21/2012,GOOG,300.8080107,305.8541012,300.3148766,307.7868742,4980100
2/22/2012,GOOG,304.8379251,302.835419,302.2227166,307.2389301,3948700
2/23/2012,GOOG,302.3671871,301.9238269,299.05459,302.835419,4125300
2/24/2012,GOOG,302.5415346,303.8117699,301.6249681,304.6835059,3885600
2/27/2012,GOOG,302.1629326,303.5178546,301.4007854,305.0371748,3641300
2/28/2012,GOOG,303.8615747,308.0409031,302.7059025,308.7283429,5716400
2/29/2012,GOOG,308.1455175,307.9711699,306.6013255,311.632462,6297200
3/1/2012,GOOG,309.9687017,310.0384343,307.9213656,311.6822668,4492000
3/2/2012,GOOG,309.8391847,309.465588,309.0023304,310.835433,3158300
3/5/2012,GOOG,309.0571096,305.9786434,304.5490145,310.0832648,3198400
3/6/2012,GOOG,302.8902291,301.3509805,295.8117255,303.2688001,6372500
3/7/2012,GOOG,303.3883375,302.267547,301.7993151,304.4543489,2538400
3/8/2012,GOOG,303.8815025,302.4369202,302.0433952,304.6087681,2700900
3/9/2012,GOOG,302.8403934,299.0047852,298.8802425,304.8080177,5361100
3/12/2012,GOOG,298.8802425,301.4456158,298.5116202,302.3671871,3350400
3/13/2012,GOOG,303.2389231,307.7370694,301.6448655,307.7719208,4508300
3/14/2012,GOOG,306.3522406,306.8454051,305.585119,310.2277353,5895700
3/15/2012,GOOG,307.1492691,309.4058041,306.267554,310.5863785,4888300
3/16/2012,GOOG,309.2862666,311.3535001,308.8678086,311.7868812,6123800
3/19/2012,GOOG,310.3970776,315.806816,309.4605833,317.4456737,4361800
3/20/2012,GOOG,314.2825215,315.5627359,312.4643419,316.8429503,3092400
3/21/2012,GOOG,316.1206592,318.7956212,315.0745761,322.4867893,4957600
3/22/2012,GOOG,318.0583761,321.8193077,314.3223776,323.1891527,4838400
3/23/2012,GOOG,322.0932649,320.0957635,319.2539045,323.0397383,3894800
3/26/2012,GOOG,321.2962662,323.4531606,318.5764433,323.5328729,3651900
3/27/2012,GOOG,322.307468,322.3024936,321.1966262,325.5304041,4029400
3/28/2012,GOOG,324.7981339,326.6561695,324.3248972,328.0659005,5096700
3/29/2012,GOOG,325.5004972,322.9948774,320.9475717,327.0696223,3862900
3/30/2012,GOOG,324.6586681,319.4232771,319.3037093,325.5253994,4638700
4/2/2012,GOOG,319.1891457,322.2526584,316.2352223,322.5415994,4585400
4/3/2012,GOOG,321.5004902,320.1106871,318.1281396,322.7657512,4105000
4/4/2012,GOOG,318.033474,316.3896415,314.3721819,318.307461,3267300
4/5/2012,GOOG,314.9400544,314.97991,313.1119261,317.0272465,4654700
4/9/2012,GOOG,313.0670957,314.2426957,311.4780428,316.4793024,4381600
4/10/2012,GOOG,315.5776893,312.2601179,311.10942,316.0658496,4982500
4/11/2012,GOOG,315.8018417,316.7931151,314.4718224,316.8130434,4414300
4/12/2012,GOOG,319.9761957,324.2900458,318.9350865,325.3510524,11556300
4/13/2012,GOOG,322.5665016,311.1343227,310.6063063,323.2838184,16379700
4/16/2012,GOOG,310.337324,301.9038991,299.7071485,310.7407977,11426700
4/17/2012,GOOG,303.1442574,303.6473711,302.3721614,307.6922086,6070400
4/18/2012,GOOG,302.8902291,302.5913394,300.2799949,305.2563523,5358900
4/19/2012,GOOG,301.7146285,298.5315485,298.3821036,306.9798965,6613800
4/20/2012,GOOG,300.9973117,296.917593,296.8030299,303.2887279,6139700
4/23/2012,GOOG,295.3434936,297.6847146,293.9985204,298.1081161,4411900
4/24/2012,GOOG,298.0035321,299.5128732,297.5452489,302.1828605,3872600
4/25/2012,GOOG,300.8727695,303.722109,300.3148766,304.5340611,3655800
4/26/2012,GOOG,304.3148836,306.5863715,303.7121299,307.8466581,4200600
4/27/2012,GOOG,306.3622197,306.3422919,304.1604644,307.2190023,3284900
4/30/2012,GOOG,305.3509875,301.2962014,299.1841065,306.8902356,4832600
5/1/2012,GOOG,300.7681551,301.0869726,298.9748778,304.6586033,4019600
5/2/2012,GOOG,299.4779915,302.4967041,299.1841065,302.9201056,3235000
5/3/2012,GOOG,303.6722738,304.3696623,303.3385327,306.267554,3749900
5/4/2012,GOOG,301.8291921,297.3709019,297.2911896,302.8105168,4431300
5/7/2012,GOOG,296.3895766,302.6411437,296.3895766,304.1455105,4003800
5/8/2012,GOOG,301.6349168,305.2513779,299.228937,307.2986836,5374600
5/9/2012,GOOG,302.2774957,303.4381727,299.7818555,307.0396804,4675000
5/10/2012,GOOG,305.3360645,305.684759,303.9761378,306.9450147,3083200
5/11/2012,GOOG,304.0359217,301.4854719,301.2563453,306.1280883,4214400
5/14/2012,GOOG,299.2687931,300.8727695,299.1691531,303.1143809,3662400
5/15/2012,GOOG,301.5452559,304.4144927,300.7482268,306.3522406,4219900
5/16/2012,GOOG,307.8267303,313.2912475,306.8205029,313.8740734,9706300
5/17/2012,GOOG,315.7321085,310.3622267,309.4556089,317.7346147,6732700
5/18/2012,GOOG,311.3834075,299.0794921,297.2364105,315.0297457,11991700
5/21/2012,GOOG,299.1342713,305.9089108,298.8802425,306.6959602,6173800
5/22/2012,GOOG,305.5751697,299.2787418,296.887716,305.759466,6126600
5/23/2012,GOOG,299.7021433,303.5925919,297.4456088,303.6623251,6379900
5/24/2012,GOOG,303.4431471,300.7033963,298.3173449,304.8179968,3796600
5/25/2012,GOOG,299.3783818,294.661058,293.0420978,299.7419994,7190500
5/29/2012,GOOG,296.7930503,296.0608104,293.0620261,298.4468619,5230900
5/30/2012,GOOG,292.9823442,293.0171956,290.6759746,294.8453542,3827600
5/31/2012,GOOG,293.2612757,289.3459553,288.4194396,293.8989107,5958800
6/1/2012,GOOG,284.8278812,284.4244075,283.114316,285.2562874,6138700
6/4/2012,GOOG,284.0458056,288.2151852,283.9412216,289.1616591,4883500
6/5/2012,GOOG,286.6510654,284.1404713,282.1778213,287.9860591,4697200
6/6/2012,GOOG,287.1641279,289.2014848,285.734499,289.8988734,4207200
6/7/2012,GOOG,292.7033829,288.0358639,287.5477036,292.8478534,3530100
6/8/2012,GOOG,286.8503151,289.1417313,286.2176844,289.415688,2831300
6/11/2012,GOOG,291.0147204,283.189023,282.2874105,291.5676384,5342100
6/12/2012,GOOG,283.8216538,281.4953558,278.2475474,284.0856617,6472500
6/13/2012,GOOG,279.8116677,279.4978549,278.2973522,282.4418297,3923000
6/14/2012,GOOG,279.6024693,278.4816479,277.2213922,281.4804327,4707200
6/15/2012,GOOG,279.1242578,281.2014709,277.5053279,281.2064452,6024800
6/18/2012,GOOG,280.2600022,284.3596487,278.5812884,286.0333578,5012400
6/19/2012,GOOG,285.7245194,289.6796959,285.4903884,291.0495713,4167900
6/20/2012,GOOG,288.8229133,287.6772207,285.6846632,288.9175486,4710800
6/21/2012,GOOG,288.8378673,281.5501654,280.8129202,288.8378673,4037600
6/22/2012,GOOG,282.939969,284.673462,281.8540294,284.673462,4472400
6/25/2012,GOOG,282.6061976,279.3035796,277.6348449,282.984799,3174900
6/26/2012,GOOG,280.3297348,281.2861574,278.6958515,282.24258,2710500
6/27/2012,GOOG,282.7905242,283.5875223,281.953639,285.923769,3397200
6/28/2012,GOOG,281.8938855,281.1018308,277.5650814,282.0582534,3856100
6/29/2012,GOOG,286.4069549,288.9524304,285.0321356,288.9823069,5057800
7/2/2012,GOOG,289.8241664,289.15168,287.1741069,290.4119667,3323300
7/3/2012,GOOG,288.9225533,292.817946,287.9213008,293.1068565,2387800
7/5/2012,GOOG,293.2812035,296.8478598,293.1716148,298.9101195,4709200
7/6/2012,GOOG,295.1193413,291.8964051,290.3223057,295.652332,4339700
7/9/2012,GOOG,291.3833123,291.9113586,289.5402301,293.2015222,3443000
7/10/2012,GOOG,293.993546,289.7643825,288.2899231,295.1093622,3860500
7/11/2012,GOOG,287.0744669,284.5289915,281.415674,287.8465629,7024700
7/12/2012,GOOG,282.5016136,284.1753226,279.9959938,284.8976138,4636800
7/13/2012,GOOG,285.0072025,287.1840557,283.2139257,288.4941471,3966700
7/16/2012,GOOG,287.1093487,286.387057,284.8229068,288.5140749,2936100
7/17/2012,GOOG,288.1355039,287.28867,283.1392182,289.25132,3372700
7/18/2012,GOOG,287.4132127,289.2961505,286.9897803,290.7556863,3107900
7/19/2012,GOOG,291.9761173,295.4231749,291.9063538,298.1230695,9384300
7/20/2012,GOOG,303.2438974,304.2700531,297.9736247,305.3260849,12975800
7/23/2012,GOOG,299.1193482,306.6062998,298.0085065,308.0210057,7150000
7/24/2012,GOOG,306.3522406,302.6511233,301.0421421,307.8117764,4033800
7/25/2012,GOOG,303.02472,302.8603217,301.5552046,305.5452628,3659600
7/26/2012,GOOG,306.3522406,305.5353141,303.8765282,307.2837605,3382900
7/27/2012,GOOG,308.2899879,316.2950067,307.5975733,316.3149041,7125900
7/30/2012,GOOG,316.8379456,314.9699613,313.5751837,320.1007378,4389700
7/31/2012,GOOG,312.9575069,315.3037023,312.9375786,317.0621283,3745100
8/1/2012,GOOG,317.4606271,315.1592622,314.511678,318.5614898,3702900
8/2/2012,GOOG,311.5876316,313.2015871,310.541548,317.8242756,3970100
8/3/2012,GOOG,318.8056003,319.4681076,316.8827761,320.6586307,3808300
8/6/2012,GOOG,318.611325,320.2103271,318.4170497,323.4780937,3578000
8/7/2012,GOOG,319.6972338,319.0745826,317.0471744,320.9276439,3978300
8/8/2012,GOOG,318.3323637,319.9164117,318.0583761,321.7296473,2654200
8/9/2012,GOOG,321.0521557,319.9761957,319.5627429,321.9787013,2148500
8/10/2012,GOOG,318.1032066,319.8018482,316.8778017,319.9214165,2879800
8/13/2012,GOOG,322.5017433,328.7732382,322.1331205,328.8429713,6560200
8/14/2012,GOOG,328.3946672,333.082114,328.2701245,335.1692758,7350800
8/15/2012,GOOG,333.8890613,332.5241907,330.8105952,335.8666648,4839400
8/16/2012,GOOG,332.5092372,335.1792554,332.2950341,336.0609401,3448200
8/17/2012,GOOG,335.8019065,337.3062728,334.5964294,337.3610828,4371600
8/20/2012,GOOG,336.4893463,336.5092746,335.0746405,338.1680601,3529300
8/21/2012,GOOG,335.2987928,333.505516,329.8491982,337.7346795,4461000
8/22/2012,GOOG,332.444479,337.3262011,332.1057636,339.029817,3832600
8/23/2012,GOOG,335.8766439,337.1369001,334.2477349,338.9700331,3581700
8/24/2012,GOOG,336.5391511,338.0484923,335.7819782,338.95511,2863800
8/27/2012,GOOG,330.2576766,333.3610455,328.3896928,334.7458743,5246900
8/28/2012,GOOG,331.2589297,337.3610828,331.1294132,337.5453786,4132600
8/29/2012,GOOG,337.4208364,342.7209856,336.8131083,343.2091459,6002900
8/30/2012,GOOG,340.8430222,339.5678125,338.8205883,342.4121472,3265900
8/31/2012,GOOG,340.7234847,341.2664237,338.7508556,343.0049218,4270000
9/4/2012,GOOG,340.9974414,339.248995,335.4930681,341.2215932,3793200
9/5/2012,GOOG,338.7309273,339.0896014,338.3025515,341.9688174,3429100
9/6/2012,GOOG,341.6998047,348.394732,341.0871023,348.6388121,6109700
9/7/2012,GOOG,348.6936217,351.7571339,347.5329447,354.7957439,6490100
9/10/2012,GOOG,353.5553851,349.0771671,347.8916183,355.0747053,5139100
9/11/2012,GOOG,347.6774152,344.8031731,344.2103984,349.0173832,3761500
9/12/2012,GOOG,343.4183746,344.1506449,339.1692828,346.1581254,5304300
9/13/2012,GOOG,345.2515076,351.7023243,343.9812722,353.1768141,5337900
9/14/2012,GOOG,353.4757038,353.5155599,352.1855406,355.1693406,5256500
9/17/2012,GOOG,352.7334843,353.6649739,351.1842876,355.1095871,3027800
9/18/2012,GOOG,352.569086,357.7995026,352.0709467,357.9887732,4149000
9/19/2012,GOOG,357.410952,362.3922838,356.8679827,362.9203001,6219700
9/20/2012,GOOG,360.8829431,362.7011226,359.2640133,364.3250572,5836500
9/21/2012,GOOG,364.73851,365.6251691,363.6974009,366.0884267,12765800
9/24/2012,GOOG,364.1357563,373.291442,363.7621596,373.6202087,7154200
9/25/2012,GOOG,375.1196006,373.1818533,372.4346595,381.0174989,12162400
9/26/2012,GOOG,373.5255735,375.323855,369.117088,379.1993199,11388200
9/27/2012,GOOG,378.5567404,376.8381705,374.4222116,379.9963484,7891600
9/28/2012,GOOG,375.6675448,375.8418918,374.1731576,378.2329486,5587700
10/1/2012,GOOG,378.1084059,379.4683021,376.6937,381.0723089,6359700
10/2/2012,GOOG,381.1719181,377.0822507,373.7348022,381.565443,5601200
10/3/2012,GOOG,376.4496199,379.8269757,374.6961992,380.5343135,4433100
10/4/2012,GOOG,379.9514875,382.5915983,378.2827534,383.5081647,4926700
10/5/2012,GOOG,383.9166432,382.3923486,381.0772833,385.7448023,5492200
10/8/2012,GOOG,379.0797819,377.5056521,375.6675448,380.3649403,3931800
10/9/2012,GOOG,378.4172443,370.6563361,369.8792353,379.2391755,6028900
10/10/2012,GOOG,369.5454943,370.8904371,367.7671405,372.3699012,4095000
10/11/2012,GOOG,375.0448937,374.3375256,373.7447509,377.8344492,4785600
10/12/2012,GOOG,374.5218522,370.9851028,370.6613104,376.0262184,4826400
10/15/2012,GOOG,369.5853504,369.1071393,363.9863114,370.5268195,6060700
10/16/2012,GOOG,368.683707,370.9602001,366.8555792,372.1009189,4131800
10/17/2012,GOOG,370.5866034,376.3350568,368.7484657,376.7584583,4602900
10/18/2012,GOOG,376.3599595,346.2029558,336.7384008,378.2927021,24977900
10/19/2012,GOOG,351.4731977,339.6225916,334.7458743,352.0311214,23050400
10/22/2012,GOOG,339.234041,338.0684201,333.6001507,341.0372975,8141500
10/23/2012,GOOG,334.7508486,338.9052748,334.7458743,342.3822702,5855000
10/24/2012,GOOG,342.1182319,337.385985,336.3747528,342.2178719,5011600
10/25/2012,GOOG,338.7309273,337.6151112,335.4980425,339.727206,4820100
10/26/2012,GOOG,336.9874553,336.3149993,334.3473446,340.2402684,3916200
10/31/2012,GOOG,338.6611947,338.8803722,336.2402615,339.2290667,3085400
11/1/2012,GOOG,338.4818733,342.5117568,338.0933227,344.1605936,4115500
11/2/2012,GOOG,346.0983414,342.6761551,342.4021681,346.4769125,4666100
11/5/2012,GOOG,340.9725392,340.2054176,336.5192233,342.1481393,3283900
11/6/2012,GOOG,341.460699,339.5877403,337.5104968,341.9688174,3177300
11/7/2012,GOOG,336.2402615,332.3149619,332.0011492,337.8492426,4481200
11/8/2012,GOOG,333.8492356,324.9276509,324.3996345,334.4918151,5213300
11/9/2012,GOOG,326.103251,330.277605,323.9363769,332.92269,6251500
11/12/2012,GOOG,330.6362482,331.7072642,329.2016449,333.6499859,2822300
11/13/2012,GOOG,330.2626515,328.2950271,327.8865791,332.5540677,3200200
11/14/2012,GOOG,329.0970305,325.0571674,324.0359866,329.8542035,3349200
11/15/2012,GOOG,323.7869321,322.4220311,320.748322,328.7682638,3711500
11/16/2012,GOOG,321.7894008,322.382175,316.8130434,325.2912989,6902000
11/19/2012,GOOG,326.6262925,332.8579318,326.5416059,333.2116006,4754100
11/20/2012,GOOG,333.505516,333.7346421,331.0447266,337.7346795,4192900
11/21/2012,GOOG,333.2464819,331.6923108,328.9675135,333.6499859,4240200
11/23/2012,GOOG,333.7346421,332.7383938,331.8068739,333.7495956,1851800
11/26/2012,GOOG,331.9762465,329.3411102,328.2801041,332.2552084,4425700
11/27/2012,GOOG,328.8529504,334.1032644,327.7719851,336.2402615,5036100
11/28/2012,GOOG,332.7583221,340.5590859,330.7060112,341.1767632,6106700
11/29/2012,GOOG,342.6064225,344.6537586,339.727206,345.6549813,5573700
11/30/2012,GOOG,344.3648176,347.8816392,341.5653134,348.3050711,6350800
12/3/2012,GOOG,349.8094378,346.3274676,345.7595957,351.6276169,4401300
12/4/2012,GOOG,346.2029558,344.2253524,341.5702877,346.4569847,3998200
12/5/2012,GOOG,344.7832756,342.6263503,339.8915739,345.953871,3738700
12/6/2012,GOOG,342.5117568,344.2751572,340.9775136,346.506789,2935500
12/7/2012,GOOG,346.2029558,340.8280687,339.9364348,347.1394197,3852900
12/10/2012,GOOG,341.4158685,341.4308225,340.6188704,344.5341908,2743600
12/11/2012,GOOG,343.7122591,347.1394197,342.5765151,349.6500134,5395200
12/12/2012,GOOG,348.3100454,347.4781655,345.4457829,350.4420681,4870100
12/13/2012,GOOG,356.6239026,350.038564,348.469439,356.8978592,6915500
12/14/2012,GOOG,348.2801689,349.6699417,347.9115461,352.5890138,4276100
12/17/2012,GOOG,351.4333421,359.0448358,350.6960969,359.6127078,6093400
12/18/2012,GOOG,356.9626175,359.1892754,356.1905215,363.1893128,6032300
12/19/2012,GOOG,359.0099541,358.7110948,357.0024736,360.1506724,3851500
12/20/2012,GOOG,360.2801894,359.8318853,357.1469441,360.9726041,3326400
12/21/2012,GOOG,355.6525265,356.4794321,353.933987,358.0684849,7078300
12/24/2012,GOOG,355.9215392,353.4258686,352.4146668,356.2552802,1688000
12/26/2012,GOOG,352.7135565,353.1120558,349.8941239,355.1095871,2373500
12/27/2012,GOOG,352.2502989,351.8268665,348.001207,353.0971019,3307000
12/28/2012,GOOG,349.5354503,348.6985961,348.6985961,352.1357049,2814500
12/31/2012,GOOG,348.6936217,352.3698363,346.7010643,353.9588892,4009600
1/2/2013,GOOG,358.3673746,360.275215,356.9377153,362.1432298,5101500
1/3/2013,GOOG,361.1120997,360.4844438,359.0149284,364.5990139,4653700
1/4/2013,GOOG,363.3088507,367.6077469,362.4819447,369.3512195,5547600
1/7/2013,GOOG,366.3524655,366.003771,363.9265275,368.3101103,3323800
1/8/2013,GOOG,366.397296,365.281449,360.8630148,366.775867,3364700
1/9/2013,GOOG,364.7683865,367.6824544,362.9402279,367.7970479,4064500
1/10/2013,GOOG,370.0286802,369.3561938,365.381089,371.1096146,3685000
1/11/2013,GOOG,369.6152274,368.6139743,366.775867,369.8294305,2579900
1/14/2013,GOOG,367.1245615,360.275215,359.8269109,369.7148674,5749200
1/15/2013,GOOG,358.3225441,361.1120997,354.7210365,366.1282828,7884700
1/16/2013,GOOG,359.8518136,356.2602546,355.5031121,360.8181844,4061900
1/17/2013,GOOG,357.5155669,354.3324864,354.1830415,358.4769633,4439500
1/18/2013,GOOG,353.8542748,350.9402074,349.356129,355.0547775,6477700
1/22/2013,GOOG,351.0149144,350.1232506,346.461959,351.3536298,7613100
1/23/2013,GOOG,366.6214478,369.3661729,366.5218078,373.102172,11862400
1/24/2013,GOOG,369.2366559,375.6974522,368.8730079,377.0025384,6790600
1/25/2013,GOOG,373.9838567,375.428439,373.7248231,377.8244696,4468400
1/28/2013,GOOG,374.4770217,373.9639284,372.5492226,376.389836,3266300
1/29/2013,GOOG,371.9813506,375.4334443,371.8767666,377.0623223,3507200
1/30/2013,GOOG,375.4633208,375.5081513,375.049868,379.0548494,3478900
1/31/2013,GOOG,373.8543397,376.4346665,373.7248231,377.3960634,3280500
2/1/2013,GOOG,377.6850044,386.3525304,377.6351692,386.8506692,7520100
2/4/2013,GOOG,382.4122769,378.0934524,377.7198553,383.7971057,6103700
2/5/2013,GOOG,379.1445407,381.4409312,378.3176346,384.1158928,3755300
2/6/2013,GOOG,378.118385,383.6476609,377.8344492,385.0374337,4171700
2/7/2013,GOOG,383.41353,385.5305987,381.3213629,387.9515319,5701600
2/8/2013,GOOG,388.6090648,391.2192985,388.3251286,391.8668523,6062700
2/11/2013,GOOG,387.7473079,389.7497831,385.4309586,390.0387241,4351800
2/12/2013,GOOG,389.4160426,388.8930011,388.2304938,392.4795548,3731900
2/13/2013,GOOG,388.6090648,389.9689611,388.5293526,391.2093194,2405200
2/14/2013,GOOG,388.4098152,392.4397295,387.4334648,392.8980128,3483500
2/15/2013,GOOG,392.2305003,394.9652463,392.066102,395.1495729,5480000
2/19/2013,GOOG,396.5094692,401.9192071,396.1558003,401.9939146,5885500
2/20/2013,GOOG,401.1470808,394.7510432,394.4173021,402.9752394,5549000
2/21/2013,GOOG,397.5107217,396.2803121,394.1333664,401.2218181,7039000
2/22/2013,GOOG,398.1383781,398.3625299,395.4185552,399.1296516,4123100
2/25/2013,GOOG,399.6526931,393.9092141,393.7697179,402.6962775,4625000
2/26/2013,GOOG,396.0163042,393.5903966,390.7360827,396.4895409,4421500
2/27/2013,GOOG,395.9166945,398.3973813,394.0785872,400.8731241,4067300
2/28/2013,GOOG,399.0549446,399.1047494,399.0200628,401.9889403,4548500
3/1/2013,GOOG,397.4110817,401.5904409,396.5891809,402.0636472,4367000
3/4/2013,GOOG,401.1470808,409.2168578,400.9976663,409.8843698,5571900
3/5/2013,GOOG,412.9180054,417.7349389,412.903052,418.5070653,8118400
3/6/2013,GOOG,418.9454207,414.1384056,412.8582215,420.4248544,5767400
3/7/2013,GOOG,415.4734296,414.7461337,413.2417669,416.7486393,4120700
3/8/2013,GOOG,415.6926076,414.2081686,410.9852325,415.9018054,5845600
3/11/2013,GOOG,414.2928552,415.8520011,414.1981895,418.2828826,3201200
3/12/2013,GOOG,413.8046645,412.2604422,410.2978225,414.3924648,4031600
3/13/2013,GOOG,412.4049126,411.114749,409.6203618,413.7947158,3294800
3/14/2013,GOOG,411.9516038,409.2367856,407.1695212,411.9516038,3314700
3/15/2013,GOOG,407.7224706,405.6303035,405.1520925,408.6191088,6222500
3/18/2013,GOOG,400.9976663,402.3874391,399.2392403,404.8631819,3690300
3/19/2013,GOOG,404.106009,404.1458651,401.7199575,408.0960673,4212000
3/20/2013,GOOG,406.8905598,405.8345276,404.2056186,407.2293056,2938500
3/21/2013,GOOG,404.1309116,404.1159577,403.4135948,406.9354206,2966200
3/22/2013,GOOG,405.8494815,403.6427514,403.3089799,406.0985355,2987400
3/25/2013,GOOG,404.6888349,403.3089799,401.9042537,408.0860882,3436800
3/26/2013,GOOG,405.2318047,404.6938093,402.3874391,405.4808587,2392600
3/27/2013,GOOG,401.8345206,399.8320149,399.1695077,401.9939146,4342500
3/28/2013,GOOG,400.4945526,395.6128305,395.1695007,401.1819625,4592600
4/1/2013,GOOG,396.0213089,399.0997751,395.1445682,399.6277909,3628100
4/2/2013,GOOG,400.7685092,405.0026476,400.499527,405.8943115,4098200
4/3/2013,GOOG,405.2118764,401.5954153,398.8407415,405.5804683,3489900
4/4/2013,GOOG,400.6240387,396.0511859,394.1732225,401.371263,4913400
4/5/2013,GOOG,391.5629883,390.0636268,386.7510292,392.0262763,6893400
4/8/2013,GOOG,387.9216554,385.9789332,382.7659458,388.3201542,5685300
4/9/2013,GOOG,386.3026947,387.3736803,385.1121715,390.4123213,4330700
4/10/2013,GOOG,389.998868,393.6152987,386.5517795,394.696264,3971900
4/11/2013,GOOG,394.9602719,393.7199136,390.5667405,395.0698607,4072500
4/12/2013,GOOG,394.5169421,393.5505405,390.0038424,394.5717213,3285500
4/15/2013,GOOG,391.5082091,389.5057035,387.0598676,397.0125824,4924500
4/16/2013,GOOG,391.8269962,395.2043521,390.4970073,396.5144435,3496900
4/17/2013,GOOG,391.9067084,389.8195466,387.5978631,393.9440654,4089100
4/18/2013,GOOG,391.2093194,381.5256178,379.2092686,391.4334713,6669800
4/19/2013,GOOG,383.1445472,398.4422118,381.6999648,400.2205656,11649800
4/22/2013,GOOG,398.8058597,398.5617796,386.0536407,400.4795991,5788300
4/23/2013,GOOG,399.0051094,402.4422492,398.6863223,406.2280525,4601600
4/24/2013,GOOG,402.5468635,405.2068717,402.4920535,407.4733852,3671800
4/25/2013,GOOG,406.6016492,403.0399976,402.3077578,406.7112379,3999200
4/26/2013,GOOG,402.2928043,399.2143382,396.8033536,402.3625369,4993900
4/29/2013,GOOG,400.1259303,408.0014016,400.0013876,409.8146067,4618800
4/30/2013,GOOG,407.9715246,410.7461267,407.3139917,412.2753956,4630600
5/1/2013,GOOG,410.0935681,408.683867,406.6564593,410.8208645,2920800
5/2/2013,GOOG,408.5194687,413.2567204,407.9964272,415.7175097,4051600
5/3/2013,GOOG,416.9180124,421.2816674,416.4398009,421.819632,5044000
5/6/2013,GOOG,422.5469284,429.1671178,422.5469284,429.3165626,4298500
5/7/2013,GOOG,429.8943833,427.0151668,423.7474306,430.32279,3932600
5/8/2013,GOOG,426.9006037,435.1845843,424.8632467,435.3090961,4955000
5/9/2013,GOOG,433.7947807,434.1135678,432.4946379,438.1883126,4417600
5/10/2013,GOOG,436.0214386,438.4722484,434.4523136,438.6266676,3809500
5/13/2013,GOOG,437.8047668,437.127306,435.0600417,439.5880645,2907700
5/14/2013,GOOG,437.1123521,441.8944347,436.9330307,442.6864585,3170300
5/15/2013,GOOG,446.0787678,456.2357066,445.3415231,456.4797867,8001600
5/16/2013,GOOG,457.7849038,450.2481474,449.3216018,458.2730636,6443200
5/17/2013,GOOG,453.3116596,452.8932325,448.5793823,455.0401782,5604800
5/20/2013,GOOG,450.8110146,452.5694406,450.8110146,458.5819019,4562300
5/21/2013,GOOG,452.3153814,451.7923394,447.1298256,454.1285861,3980700
5/22/2013,GOOG,449.5955889,443.0501064,441.7848454,452.9579912,5140300
5/23/2013,GOOG,436.8632672,439.7474885,435.3688801,443.3190892,4567200
5/24/2013,GOOG,435.9965359,435.0301343,433.8794672,437.769885,4610700
5/28/2013,GOOG,440.1011573,438.9903155,438.5569349,444.4050284,4531900
5/29/2013,GOOG,436.2206883,432.534494,430.5319884,437.3564322,4041800
5/30/2013,GOOG,433.3364974,433.7549246,431.588051,437.8097411,4257200
5/31/2013,GOOG,432.4398587,433.9840816,432.1409691,436.8632672,3953500
6/3/2013,GOOG,434.8707407,432.1957791,425.9143046,435.3539266,4969900
6/4/2013,GOOG,432.3053679,427.9466873,425.4410674,433.6702385,3751100
6/5/2013,GOOG,429.6453288,428.2455769,426.965362,433.102366,4229300
6/6/2013,GOOG,430.5369932,430.7063354,422.0288607,431.5481949,5177400
6/7/2013,GOOG,433.5855519,438.2231939,431.0450812,438.3576853,5369200
6/10/2013,GOOG,439.4037688,443.4486058,438.4025157,443.8371564,4693000
6/11/2013,GOOG,440.3352583,438.26305,438.1185795,441.8446299,3528300
6/12/2013,GOOG,441.0774773,434.3626526,433.202006,441.3464905,4426100
6/13/2013,GOOG,432.8682351,436.8632672,431.1347421,438.1883126,4155200
6/14/2013,GOOG,438.4074901,435.8869472,435.4336383,440.6989063,4506700
6/17/2013,GOOG,437.974109,441.4710327,437.5009027,443.0550808,4308500
6/18/2013,GOOG,442.6665307,448.6291872,442.5170858,448.8184881,4350000
6/19/2013,GOOG,449.0028147,448.6590946,447.0750161,453.7201385,5853600
6/20/2013,GOOG,445.3265692,440.7188341,440.0064916,448.8184881,6769200
6/21/2013,GOOG,442.5121115,438.8209429,434.9056225,443.2792331,7994300
6/24/2013,GOOG,434.3128478,433.2717392,430.0139516,436.5245523,6056300
6/25/2013,GOOG,436.9927843,431.4834362,430.6415771,438.1982917,5125500
6/26/2013,GOOG,435.2443374,435.194533,433.6602893,437.3614066,3676400
6/27/2013,GOOG,437.7599363,436.898149,436.6889202,440.693932,3867300
6/28/2013,GOOG,435.8172146,438.541981,435.4635153,439.2742518,4716100
7/1/2013,GOOG,441.5706423,442.2829848,440.8483512,444.3751518,3462400
7/2/2013,GOOG,443.438657,439.5083832,436.997789,443.8371564,3797000
7/3/2013,GOOG,438.3078805,441.5606936,437.6104914,442.9255642,2101700
7/5/2013,GOOG,443.3439914,445.0775147,442.0139721,446.0339373,3416500
7/8/2013,GOOG,447.9268238,450.8558451,446.8658177,451.4436454,3953700
7/9/2013,GOOG,453.7998199,450.930583,447.3141214,454.7711959,3973500
7/10/2013,GOOG,450.0389186,451.3041796,448.5096497,453.8695525,3429500
7/11/2013,GOOG,454.7960986,458.4025806,452.5644663,458.6865163,5187700
7/12/2013,GOOG,458.2830426,459.7774303,455.9119147,459.7774303,5155600
7/15/2013,GOOG,460.4250145,460.6192898,456.469838,462.2680962,3935600
7/16/2013,GOOG,461.8347151,458.0887678,455.2444022,462.2531422,3980700
7/17/2013,GOOG,458.7811516,457.5607515,456.4399306,461.7002242,3023400
7/18/2013,GOOG,457.7799294,453.6404263,449.9094016,458.2830426,7296100
7/19/2013,GOOG,441.6503545,446.6267119,436.1708834,449.7898642,14773700
7/22/2013,GOOG,449.3166275,453.650375,446.8259616,454.6316998,5828100
7/23/2013,GOOG,453.650375,450.2132657,448.1061457,454.7960986,4106600
7/24/2013,GOOG,451.9368099,449.7649311,448.6690433,453.4511254,4172500
7/25/2013,GOOG,445.2667853,442.1933244,441.3863466,446.7512237,6024600
7/26/2013,GOOG,441.8396246,441.0226982,439.353964,443.3340427,3568600
7/29/2013,GOOG,440.7985463,439.4884549,438.8010151,445.740022,3797800
7/30/2013,GOOG,441.0774773,443.7973003,438.7910664,446.1335469,3524300
7/31/2013,GOOG,444.8284298,442.2182265,441.4361514,446.5818815,4363200
8/1/2013,GOOG,445.8296829,450.4224949,445.8296829,450.5868628,4292700
8/2/2013,GOOG,450.0339443,451.5930902,448.7288272,451.8072933,3440600
8/5/2013,GOOG,451.00529,450.8110146,447.9218494,451.0700482,2629100
8/6/2013,GOOG,450.6565954,446.611758,446.1933309,453.1572404,3023400
8/7/2013,GOOG,445.8496107,443.6628089,442.8857081,447.5482528,2768600
8/8/2013,GOOG,446.073763,444.6640619,440.9928216,446.24811,2987000
8/9/2013,GOOG,443.6179789,443.543241,443.339017,446.0887165,2657200
8/12/2013,GOOG,441.7947946,441.1024104,439.1796165,441.8446299,2764200
8/13/2013,GOOG,441.7599433,438.9803364,436.4647684,442.5918232,2850200
8/14/2013,GOOG,437.5457332,433.2816879,431.9616477,438.4722484,4179900
8/15/2013,GOOG,430.6067258,428.2256486,427.3987431,430.8458316,3752300
8/16/2013,GOOG,429.0326264,426.8557733,426.6714776,429.6104476,3362700
8/19/2013,GOOG,427.2542726,431.2094491,427.1247561,434.3726014,3635300
8/20/2013,GOOG,432.5544223,431.094886,430.1583912,434.4274114,2475100
8/21/2013,GOOG,433.7001454,433.0425821,431.632881,436.8184368,3527700
8/22/2013,GOOG,434.7212959,435.2244096,433.5008653,435.7424767,1746200
8/23/2013,GOOG,437.2767205,433.4809679,433.2518108,437.3614066,2162200
8/26/2013,GOOG,433.3763535,431.5780714,431.4087292,435.8172146,2112800
8/27/2013,GOOG,428.2057208,423.488397,422.3675761,430.2530569,3481100
8/28/2013,GOOG,423.5382018,422.691368,422.3028179,426.1085799,2669700
8/29/2013,GOOG,422.9504016,426.1185286,422.7112963,428.5842919,2968000
8/30/2013,GOOG,426.2829269,421.8694672,421.2019552,427.4186709,3737100
9/3/2013,GOOG,425.5855379,428.5842919,425.3812835,431.4784618,4110400
9/4/2013,GOOG,428.5693688,434.1883056,425.9890116,435.1198256,4097600
9/5/2013,GOOG,435.1198256,438.1385078,434.178326,438.2979014,2592100
9/6/2013,GOOG,439.5731415,438.1484565,435.239363,440.2406231,3134800
9/9/2013,GOOG,440.2157204,442.3676714,439.5631624,443.2144743,2478300
9/10/2013,GOOG,443.3489961,442.6765098,440.3502118,444.3352957,2584700
9/11/2013,GOOG,442.6117515,446.4224575,441.3863466,446.8110077,3233200
9/12/2013,GOOG,447.0252113,444.8633116,443.3439914,447.2742652,2199100
9/13/2013,GOOG,445.5806284,442.8757594,440.7686389,446.1684287,2660600
9/16/2013,GOOG,446.4274623,442.2232009,440.7835929,446.8259616,2682900
9/17/2013,GOOG,442.0488539,441.4012697,438.8558246,442.5370136,2528200
9/18/2013,GOOG,441.5208375,449.9741604,439.8869542,450.2979522,3883800
9/19/2013,GOOG,451.3041796,447.5183758,446.0289326,451.3041796,3207600
9/20/2013,GOOG,447.5183758,449.869546,446.1385213,450.3776644,8723000
9/23/2013,GOOG,446.4025292,441.595545,440.9479912,449.1124035,3568000
9/24/2013,GOOG,441.595545,441.7649176,439.0550743,443.3888218,2984600
9/25/2013,GOOG,441.6204471,436.9778612,436.1659091,441.6204471,3310200
9/26/2013,GOOG,437.5108514,437.4460931,435.8670194,439.7275606,2529200
9/27/2013,GOOG,435.7773585,436.5594341,434.0289121,437.1223008,2527000
9/30/2013,GOOG,432.9180703,436.3203283,432.534494,438.7761124,3457600
10/1/2013,GOOG,438.4822275,441.8446299,438.3825874,442.1783704,3382100
10/2/2013,GOOG,439.7175816,442.337764,437.2717456,443.0201995,3001700
10/3/2013,GOOG,442.3427383,436.4099892,434.4224366,445.3813788,4249800
10/4/2013,GOOG,435.8670194,434.5469489,433.3763535,437.1173264,2726100
10/7/2013,GOOG,432.1061182,431.25431,430.4423275,435.3639057,2596800
10/8/2013,GOOG,431.0450812,425.2418183,424.2256421,431.3738474,3901800
10/9/2013,GOOG,426.5419605,426.3327318,419.9167664,429.715062,5322400
10/10/2013,GOOG,430.3078361,432.4996432,428.4996058,432.7935276,4527400
10/11/2013,GOOG,431.3987501,434.367627,431.0351021,435.1098465,2828300
10/14/2013,GOOG,431.7125932,436.4199379,431.079963,436.4896706,2496400
10/15/2013,GOOG,436.2455904,439.3589383,435.3688801,441.1621639,3195600
10/16/2013,GOOG,441.2817322,447.339024,440.3551862,447.4884689,4030200
10/17/2013,GOOG,444.8284298,442.7362633,441.2119991,446.7761568,8545000
10/18/2013,GOOG,486.4674481,503.8174226,485.1822588,505.8348822,23219400
10/21/2013,GOOG,503.8423557,499.77756,497.9095757,507.5982825,7283700
10/22/2013,GOOG,500.6243934,501.6206721,496.0365866,504.6094773,4433700
10/23/2013,GOOG,498.6318668,513.780117,498.4475403,515.4438768,5346300
10/24/2013,GOOG,514.0092432,510.8610444,510.4874477,518.3429907,4199700
10/25/2013,GOOG,512.4899533,505.7053656,503.4836821,512.4899533,4076100
10/28/2013,GOOG,505.7053656,505.6057251,504.6044726,509.8050122,2326000
10/29/2013,GOOG,507.6480873,516.1860659,504.8585318,516.5347604,3222000
10/30/2013,GOOG,516.7789013,513.286952,511.0851962,516.8186961,2658000
10/31/2013,GOOG,512.5447629,513.3666637,510.0739949,518.8162583,3292200
11/1/2013,GOOG,513.9693871,511.6032639,510.6368926,516.0665588,2576100
11/4/2013,GOOG,513.8249166,511.1400063,509.1076236,514.258328,2286000
11/5/2013,GOOG,508.2707385,508.8535644,506.8112326,513.8996848,2371500
11/6/2013,GOOG,510.885947,509.4662669,505.7900517,511.5833356,1832600
11/7/2013,GOOG,509.3965337,502.0938784,501.9394592,510.0540666,3371700
11/8/2013,GOOG,502.4924081,506.1188184,502.3678659,507.3491977,2591100
11/11/2013,GOOG,502.8709796,503.4089746,502.1188114,506.0690136,2233500
11/12/2013,GOOG,501.9693666,504.0017492,500.6243934,506.8809657,2445200
11/13/2013,GOOG,501.4961299,514.3081329,501.3715872,514.4974034,3170500
11/14/2013,GOOG,515.030424,515.6829522,513.2521006,517.9345427,2342100
11/15/2013,GOOG,515.5036303,514.8511027,513.2321424,517.062837,2562100
11/18/2013,GOOG,515.9419858,513.8498192,512.6991821,522.4127612,3532500
11/19/2013,GOOG,513.9345362,510.6866974,509.6157117,515.4438768,2271600
11/20/2013,GOOG,513.0528206,509.2470889,508.2757432,514.751493,1934500
11/21/2013,GOOG,511.5833356,515.1051315,511.0851962,517.2172567,2191700
11/22/2013,GOOG,514.7813392,514.0191919,512.6891726,516.1512145,2517700
11/25/2013,GOOG,516.6443795,521.0130392,515.5783986,524.6294396,3238000
11/26/2013,GOOG,522.343059,527.2297251,519.523596,528.7689731,4589600
11/27/2013,GOOG,529.0329506,529.5709765,528.0217792,532.0068328,2255500
11/29/2013,GOOG,529.0977089,527.8174945,527.7477922,531.3193925,2394400
12/2/2013,GOOG,529.7701957,525.2720798,523.4189881,531.184932,2756600
12/3/2013,GOOG,523.5136538,524.6643517,522.5522265,529.7353444,3364700
12/4/2013,GOOG,523.7228831,527.1151615,523.0403867,530.0043267,2392000
12/5/2013,GOOG,526.6270017,526.6967039,523.583356,527.8524066,2275800
12/6/2013,GOOG,532.8984966,532.9383527,528.0615746,533.003111,2868200
12/9/2013,GOOG,533.4962152,537.0579275,532.0167815,539.1351406,2976200
12/10/2013,GOOG,536.0665928,540.305736,535.8175692,544.1164724,3721600
12/11/2013,GOOG,541.6706066,536.6344653,535.578433,543.6233079,3436400
12/12/2013,GOOG,537.7702092,532.9831528,532.5049413,539.448923,3204800
12/13/2013,GOOG,535.6929961,528.4152738,526.970691,536.1363563,4340900
12/16/2013,GOOG,530.0142754,534.4875499,529.0230019,535.3393577,3216000
12/17/2013,GOOG,534.4078377,532.933348,532.1961029,538.3629839,3082800
12/18/2013,GOOG,533.9246214,540.350536,527.5435682,540.4502064,4437100
12/19/2013,GOOG,538.3679886,541.0828372,537.5261291,543.9570484,3343800
12/20/2013,GOOG,542.1189107,548.2559451,541.9694963,548.5299322,6547600
12/23/2013,GOOG,551.8524475,555.4689092,550.4975261,555.8176037,3456000
12/24/2013,GOOG,555.4041504,553.845005,551.9819646,555.5386722,1473800
12/26/2013,GOOG,554.9259393,556.6445092,552.2759103,557.4116612,2685500
12/27/2013,GOOG,557.9097702,557.1127716,554.3929795,558.0492355,3151100
12/30/2013,GOOG,558.0791429,552.6594562,552.4402782,558.1588551,2481300
12/31/2013,GOOG,554.044285,558.2634695,551.0653981,558.40794,2725900
1/2/2014,GOOG,555.6482305,554.4826404,552.0616768,556.7889797,3656400
1/3/2014,GOOG,555.4191043,550.4377726,550.4029212,556.3805317,3345800
1/6/2014,GOOG,554.4278304,556.574807,551.155059,557.3418982,3551800
1/7/2014,GOOG,560.4004361,567.3045617,558.4875909,567.7180145,5124300
1/8/2014,GOOG,570.8612693,568.4851665,564.5299596,571.5188022,4501700
1/9/2014,GOOG,569.5860596,563.0106698,560.6794284,569.974549,4184500
1/10/2014,GOOG,567.4141808,562.9807629,559.0305607,567.4141808,4302900
1/13/2014,GOOG,561.132676,559.3942087,556.5000387,571.3145782,4855800
1/14/2014,GOOG,566.8512528,572.554937,561.9396841,573.3519352,4983700
1/15/2014,GOOG,574.3432092,572.1663864,569.7603762,575.3444313,3915000
1/16/2014,GOOG,572.4054613,575.9521594,571.857548,576.8039676,3380300
1/17/2014,GOOG,576.2660025,573.1178038,569.9646003,578.1489403,5422800
1/21/2014,GOOG,578.2984161,579.6782401,573.5013496,579.8276546,3974500
1/22/2014,GOOG,581.1277665,580.3357731,577.2672252,581.765402,3154500
1/23/2014,GOOG,577.8350972,577.8849633,575.030649,579.075456,3912700
1/24/2014,GOOG,573.3568792,559.8176102,559.4041574,574.6221401,7814000
1/27/2014,GOOG,560.9484106,548.5597783,539.1151824,561.1476299,8739800
1/28/2014,GOOG,553.0878624,559.4091621,552.8985311,560.7740328,4436900
1/29/2014,GOOG,557.4714148,551.3941952,547.6581657,558.7815366,4777500
1/30/2014,GOOG,570.3630996,565.5760431,561.5212266,574.0941243,10220800
1/31/2014,GOOG,583.4889153,588.280977,573.4166935,591.0555791,11174200
2/3/2014,GOOG,587.3993226,564.5997231,563.8923854,588.6545736,9172400
2/4/2014,GOOG,566.871211,566.9558672,566.3830513,575.3444313,5644800
2/5/2014,GOOG,569.5561522,569.4664918,561.9048332,573.2373721,4806800
2/6/2014,GOOG,573.4166935,577.8151998,571.6333653,577.9148094,3907600
2/7/2014,GOOG,581.6358849,586.522551,578.1140895,586.7517384,5292000
2/10/2014,GOOG,583.713098,584.2759652,582.3282692,588.9933194,3904800
2/11/2014,GOOG,587.8824776,592.8688146,583.917322,593.7106736,4116900
2/12/2014,GOOG,592.280984,591.1302861,588.485201,592.7791537,3461800
2/13/2014,GOOG,588.1714186,597.7106806,587.6284488,597.7106806,3686400
2/14/2014,GOOG,595.5736532,599.155263,594.1739312,599.9472569,4389700
2/18/2014,GOOG,598.4628179,603.1801726,597.7604855,604.1714461,4233500
2/19/2014,GOOG,600.4005658,598.9261368,596.5151219,602.3532666,4222900
2/20/2014,GOOG,599.3246361,599.8077911,597.8700438,601.19262,3414300
2/21/2014,GOOG,601.6508728,599.648428,599.1751609,602.6770589,3738500
2/24/2014,GOOG,600.4304727,603.9921247,600.3009561,607.8028612,3361100
2/25/2014,GOOG,605.7007454,607.7231489,602.951046,609.9647299,2888100
2/26/2014,GOOG,609.7157063,607.8078051,604.6148063,612.1465574,3979100
2/27/2014,GOOG,606.9211455,607.3296549,606.2337057,609.8302694,2529400
2/28/2014,GOOG,607.8925216,605.5562749,600.8588794,609.8103107,4644500
3/3/2014,GOOG,601.122857,599.1004534,593.8451346,601.6658268,4225300
3/4/2014,GOOG,605.2324831,605.1876222,602.4927323,605.730592,2946300
3/5/2014,GOOG,605.2573857,606.8563873,603.444211,609.2573922,2479700
3/6/2014,GOOG,608.8588929,607.5288736,607.0257599,610.786692,2545600
3/7/2014,GOOG,611.1104839,605.1278687,603.4591036,611.2050888,3041500
3/10/2014,GOOG,605.5761728,603.5238619,599.7978424,606.5475489,2438200
3/11/2014,GOOG,604.6197502,597.7554807,596.0867764,604.8937373,3438800
3/12/2014,GOOG,595.9672086,601.396844,589.8849838,601.6708315,3943200
3/13/2014,GOOG,601.7206363,592.3108914,590.1689195,602.9909021,4708600
3/14/2014,GOOG,588.7890954,584.2112677,584.076746,593.2125039,4604900
3/17/2014,GOOG,587.4242248,593.8252367,586.8563528,596.3009492,4340300
3/18/2014,GOOG,595.1054517,603.3694427,594.3034483,603.5039645,3643500
3/19/2014,GOOG,603.638425,597.3868888,594.9759346,603.7330907,3237800
3/20/2014,GOOG,597.7355828,596.3457492,595.4491409,602.5475419,3381900
3/21/2014,GOOG,600.9036795,589.3121065,589.0182221,602.5574906,6441000
3/24/2014,GOOG,589.8849838,576.8039676,570.8363672,590.238683,6096800
3/25/2014,GOOG,580.8239328,577.197523,571.3593783,582.736778,4838400
3/26/2014,GOOG,578.8363806,563.8724267,563.6382958,583.5985349,5179200
3/27/2014,GOOG,566.4473887,556.9334901,551.4086236,566.4473887,13100
3/28/2014,GOOG,559.665986,558.459315,557.1429032,564.8817073,41200
3/31/2014,GOOG,565.3404498,555.4475218,555.4076653,565.4501307,10800
4/1/2014,GOOG,557.1827587,565.6096766,557.1827587,566.8961815,7900
4/2/2014,GOOG,598.3499372,565.4501307,560.6532944,603.1767413,147100
4/3/2014,GOOG,568.2923065,568.1826256,562.5879957,585.6747091,5099100
4/4/2014,GOOG,573.0791931,541.6553453,541.5157565,576.1906576,6369300
4/7/2014,GOOG,539.2619015,536.6790038,525.7090448,546.9807474,4401600
4/8/2014,GOOG,541.1168297,553.3831815,540.1295204,553.4829127,3151200
4/9/2014,GOOG,558.0902951,562.5979443,551.4385315,563.8245736,3330800
4/10/2014,GOOG,563.4556146,539.4713145,538.4241904,563.4556146,4036800
4/11/2014,GOOG,531.0942617,529.1496117,525.0907553,538.5239226,3924800
4/14/2014,GOOG,536.778736,531.0643548,528.1124373,542.6127467,2575000
4/15/2014,GOOG,535.3526433,534.9736738,517.042807,536.9781385,3855000
4/16/2014,GOOG,541.5157565,555.0186862,538.5239226,555.4774287,4893200
4/17/2014,GOOG,547.3098508,534.6345608,529.6981378,547.9979636,6809500
4/21/2014,GOOG,534.6345608,527.1750549,524.1632618,535.2329529,2566700
4/22/2014,GOOG,527.1949523,533.3481177,526.0680552,535.7615197,2365300
4/23/2014,GOOG,532.3309005,525.4996318,524.811519,532.4106745,2052300
4/24/2014,GOOG,528.6210449,523.7244774,520.692787,530.1967359,1883100
4/25/2014,GOOG,521.081765,514.7690536,514.0111155,523.2657349,2100300
4/28/2014,GOOG,515.7663116,515.7364047,501.42561,517.1823947,3335500
4/29/2014,GOOG,515.4870742,526.2575698,514.9086423,528.012766,2699000
4/30/2014,GOOG,526.1578387,525.2203954,521.0917147,526.5567046,1751100
5/1/2014,GOOG,525.6691882,529.8976011,522.4479831,531.4732312,1905500
5/2/2014,GOOG,532.3009936,526.4869411,524.1732713,532.5403136,1688500
5/5/2014,GOOG,523.3854263,526.3672507,519.8949923,527.4542922,1024100
5/6/2014,GOOG,523.7943017,513.7318791,513.6521051,525.3699927,1689000
5/7/2014,GOOG,514.3800745,508.5660529,501.924239,515.2676527,3224300
5/8/2014,GOOG,507.0701359,509.6031974,505.0656403,515.8161777,2021300
5/9/2014,GOOG,509.353868,517.3120946,502.8217948,518.4788483,2439400
5/12/2014,GOOG,522.079023,528.4715085,517.591332,528.7407353,1912500
5/13/2014,GOOG,529.4388586,531.632839,528.0625712,534.6046539,1653400
5/14/2014,GOOG,531.5430555,525.2104467,523.8541165,531.5430555,1191700
5/15/2014,GOOG,524.262993,518.5586213,516.0056315,524.4325494,1704300
5/16/2014,GOOG,519.9648166,519.2068795,514.0310747,520.373693,1485200
5/19/2014,GOOG,518.2794458,527.4143748,516.1682301,528.3318589,1277700
5/20/2014,GOOG,528.2919425,528.3219102,524.8613851,534.7642617,1784700
5/21/2014,GOOG,531.4433234,537.4668498,530.456014,537.7091605,1196200
5/22/2014,GOOG,539.6508197,543.5700873,539.3018189,546.1031797,1615800
5/23/2014,GOOG,545.7640668,551.189202,542.213819,552.1266443,1932100
5/27/2014,GOOG,554.4801707,564.4030065,552.8347173,564.4528726,2104100
5/28/2014,GOOG,563.02678,560.1446868,559.4665217,566.2878417,1652000
5/29/2014,GOOG,561.8100994,558.5490376,557.1827587,562.4582957,1354100
5/30/2014,GOOG,559.2670583,558.3595828,554.390449,559.8155833,1771100
6/2/2014,GOOG,559.1673261,552.4158303,544.2382419,559.3667895,1435000
6/3/2014,GOOG,549.483872,543.4503969,541.0669637,550.8301907,1866600
6/4/2014,GOOG,540.0198395,543.1711596,537.2773341,547.1103864,1816400
6/5/2014,GOOG,544.9064583,552.3859234,542.9617475,553.4330476,1689100
6/6/2014,GOOG,556.5345624,554.8092741,547.4295412,556.5345624,1736700
6/9/2014,GOOG,555.627027,560.5834701,554.5200881,561.3613055,1467500
6/10/2014,GOOG,558.9778723,559.0177278,556.3750164,562.0594288,1351700
6/11/2014,GOOG,556.4747476,557.3123978,553.5028719,558.3495732,1100100
6/12/2014,GOOG,555.7766243,549.8428824,546.9607892,556.4647381,1458400
6/13/2014,GOOG,550.7504177,550.2517588,544.0687473,550.7903351,1220500
6/16/2014,GOOG,547.7586436,542.7922519,540.0397977,548.117654,1702500
6/17/2014,GOOG,542.7124181,541.5257062,537.855767,543.8293665,1444500
6/18/2014,GOOG,543.370624,551.8573566,542.5130145,552.0468713,1741700
6/19/2014,GOOG,552.7249756,553.3831815,547.0106552,553.4829127,2456800
6/20/2014,GOOG,555.3278923,554.839181,548.8874944,556.0558616,4508300
6/23/2014,GOOG,553.6325109,563.4057485,552.7349851,563.4556146,1536800
6/24/2014,GOOG,563.6450685,563.0766451,559.4764704,571.0807099,2207100
6/25/2014,GOOG,563.7148928,577.068286,563.6749764,578.3746883,1969300
6/26/2014,GOOG,579.4118637,574.4255128,570.2868834,580.8579146,1741900
6/27/2014,GOOG,575.602276,575.6621516,572.2315333,578.2849666,2236900
6/30/2014,GOOG,577.0782347,573.7074921,573.1789253,577.9857711,1313700
7/1/2014,GOOG,576.7391826,581.0772763,575.07377,582.8025646,1447900
7/2/2014,GOOG,581.7554414,580.7432295,578.8035229,583.83974,1056300
7/3/2014,GOOG,581.7554414,583.131668,579.3320897,583.4109054,714100
7/7/2014,GOOG,582.1643179,580.6584512,578.0057293,584.8269885,1064600
7/8/2014,GOOG,576.0809767,569.5289453,564.587517,577.9439,1909500
7/9/2014,GOOG,570.0175947,574.5052857,567.8196482,575.1435334,1116700
7/10/2014,GOOG,564.3630891,569.538894,563.4655633,575.0138944,1356700
7/11/2014,GOOG,570.3466981,577.5968528,569.8580487,579.2622655,1621700
7/14/2014,GOOG,581.007452,583.2712558,576.4499975,583.6103687,1854000
7/15/2014,GOOG,584.1388747,583.1815341,574.9839875,584.2036948,1623000
7/16/2014,GOOG,586.3927298,581.0673277,580.6085851,586.7915967,1397100
7/17/2014,GOOG,577.9458537,572.161709,567.0557285,579.4018532,3016500
7/18/2014,GOOG,591.3790807,593.4533698,580.4091218,595.1686485,4014100
7/21/2014,GOOG,590.1324932,587.858679,583.6332569,592.7752057,2062100
7/22/2014,GOOG,589.1052665,593.1143176,588.9856369,598.0108861,1699100
7/23/2014,GOOG,591.608452,594.3508956,590.8804208,596.2157726,1233100
7/24/2014,GOOG,594.8196477,591.7280816,590.1523906,597.8612878,1035100
7/25/2014,GOOG,588.7861736,587.409947,585.4253796,590.2421741,932400
7/28/2014,GOOG,586.4625551,588.9856369,583.154617,590.8804208,986800
7/29/2014,GOOG,587.1406583,584.0092356,581.9199927,588.0880503,1349800
7/30/2014,GOOG,584.9466789,585.8142968,582.4036378,587.8886477,1016400
7/31/2014,GOOG,579.012936,570.0375539,568.4419038,582.054637,2102700
8/1/2014,GOOG,568.8408315,564.5226361,561.3114394,574.3856572,1955200
8/4/2014,GOOG,567.4845631,571.5833369,562.5580279,573.7773164,1427300
8/5/2014,GOOG,568.4917698,563.5253781,561.0721195,570.4165224,1551200
8/6/2014,GOOG,560.244418,564.8258596,558.4692636,569.1400271,1334300
8/7/2014,GOOG,566.4473887,561.8200481,559.5662539,568.3322239,1110900
8/8/2014,GOOG,562.0195114,567.2152755,558.8183253,568.6912342,1494700
8/11/2014,GOOG,568.4319551,566.3276983,564.4528726,568.9305542,1214700
8/12/2014,GOOG,562.9769139,561.1918099,559.3468313,564.3531405,1542000
8/13/2014,GOOG,565.7592749,573.2088322,564.2035432,573.4282547,1439200
8/14/2014,GOOG,574.6050179,573.0791931,569.3195322,576.3203575,985400
8/15/2014,GOOG,576.280441,571.9124404,568.9605219,577.7962554,1519100
8/18/2014,GOOG,574.5351936,580.5686677,574.4255128,582.9122454,1284100
8/19/2014,GOOG,583.4008948,585.2558231,582.4036378,585.7345239,978600
8/20/2014,GOOG,584.2785233,582.8922872,580.9775442,585.0962762,1036700
8/21/2014,GOOG,582.2241316,581.7753996,579.5514515,582.9022967,914800
8/22/2014,GOOG,581.9947614,580.9675955,579.0528534,583.6362477,789000
8/25/2014,GOOG,583.1216585,578.6140691,577.4173477,583.4008948,1361400
8/26/2014,GOOG,579.6711419,576.280441,575.0039457,580.2096574,1639600
8/27/2014,GOOG,575.6920595,569.4391618,568.5446267,576.9087391,1703300
8/28/2014,GOOG,568.0031204,567.6441101,565.5498619,571.6830691,1292900
8/29/2014,GOOG,569.7682652,570.0375539,565.5189178,570.4763372,1083700
9/2/2014,GOOG,570.2868834,575.7518742,569.6286775,576.2505332,1578400
9/3/2014,GOOG,578.4146057,576.360214,573.4282547,581.3964311,1215100
9/4/2014,GOOG,578.4146057,580.3891626,577.6367094,584.3982147,1458100
9/5/2014,GOOG,582.3836786,584.4779877,580.3592557,584.9466789,1632300
9/8/2014,GOOG,584.996545,588.1080085,584.6973484,590.1523906,1431000
9/9/2014,GOOG,587.2902566,579.4218124,578.4146057,587.3899878,1287200
9/10/2014,GOOG,579.9104618,581.506111,575.362956,581.9050387,977300
9/11/2014,GOOG,578.773616,579.7609254,574.6847909,580.2196679,1221000
9/12/2014,GOOG,579.4118637,574.0465442,572.8897392,580.0501114,1601600
9/15/2014,GOOG,571.3738631,571.5334709,566.6568008,573.3783886,1597500
9/16/2014,GOOG,571.1943579,578.3647396,571.0946257,579.9104618,1480300
9/17/2014,GOOG,578.4245544,583.1715246,577.1929208,585.914029,1692800
9/18/2014,GOOG,585.3954717,587.6592765,583.4008948,587.9285033,1444500
9/19/2014,GOOG,589.8831638,594.4506278,587.8886477,594.8495555,3736600
9/22/2014,GOOG,592.1968336,585.7644318,581.8651213,592.3254355,1689500
9/23/2014,GOOG,585.2458745,579.5415028,579.4118637,585.2458745,1471400
9/24/2014,GOOG,579.8706063,586.3827202,578.933163,588.0182868,1728100
9/25/2014,GOOG,585.9439369,573.4880695,572.6105019,586.3727716,1925900
9/26/2014,GOOG,574.4853884,575.522503,573.0892026,577.6666163,1443600
9/29/2014,GOOG,570.1871512,574.7845231,569.6087183,576.6095435,1282400
9/30/2014,GOOG,575.3530073,575.7817811,571.2841414,578.2650074,1621700
10/1/2014,GOOG,574.4355223,566.7166764,565.4600794,576.0012037,1445400
10/2/2014,GOOG,565.7592749,568.5216777,561.7801915,570.3466981,1178400
10/3/2014,GOOG,571.4836048,573.7074921,570.9350797,575.6471976,1141700
10/6/2014,GOOG,577.2178843,575.7718324,572.869781,579.4118637,1214600
10/7/2014,GOOG,572.8299244,562.1990166,562.1990166,573.6975434,1911300
10/8/2014,GOOG,564.024038,570.9350797,555.96614,572.3113063,1990800
10/9/2014,GOOG,569.618667,559.3468313,557.5318204,569.927873,2524800
10/10/2014,GOOG,556.1955112,543.0016649,542.5628806,563.5852537,3081900
10/13/2014,GOOG,543.500263,531.7524676,531.6427877,547.9979636,2581600
10/14/2014,GOOG,537.4269324,536.4695309,531.712612,545.6943033,2222500
10/15/2014,GOOG,529.5584882,528.5811893,516.88326,531.3435922,3719300
10/16/2014,GOOG,517.5813225,523.0762811,513.5922904,527.9827972,3708500
10/17/2014,GOOG,525.808777,509.772724,507.1399602,529.5285813,5539300
10/20/2014,GOOG,508.0574453,519.4162916,506.7111256,520.3337766,2607500
10/21/2014,GOOG,523.7543853,525.100705,517.6910034,525.3500345,2336200
10/22/2014,GOOG,528.4415398,531.2538695,527.3545601,538.3244582,2919200
10/23/2014,GOOG,537.8457575,542.4930563,534.3852922,545.7242112,2348800
10/24/2014,GOOG,542.8720249,538.3045,534.3254166,543.3905822,1973100
10/27/2014,GOOG,535.5620554,539.2918093,535.5620554,542.9218909,1185300
10/28/2014,GOOG,541.5157565,547.3995725,540.1394691,547.4794073,1270900
10/29/2014,GOOG,548.4965627,547.8284071,545.4848304,552.6751095,1770500
10/30/2014,GOOG,547.4494386,548.8057678,542.0243043,551.2889332,1455600
10/31/2014,GOOG,557.8210064,557.5517796,553.2335832,558.040429,2035000
11/3/2014,GOOG,553.9815726,553.7023352,551.7177689,556.3750164,1382200
11/4/2014,GOOG,551.4883976,552.5953355,547.7985002,553.9815726,1244200
11/5/2014,GOOG,555.2780262,544.4277576,542.5628806,555.2780262,2032200
11/6/2014,GOOG,544.0088716,540.558355,539.4912727,545.3901035,1333200
11/7/2014,GOOG,544.7169436,539.5311901,537.1975611,544.7169436,1633700
11/10/2014,GOOG,539.9799221,545.993438,539.5411388,548.0876863,1134600
11/11/2014,GOOG,546.990696,548.7858096,544.8067261,550.431264,965500
11/12/2014,GOOG,548.8855417,545.8139328,543.6797682,548.9553052,1129600
11/13/2014,GOOG,548.2971601,543.8892421,541.9943964,548.2971601,1339300
11/14/2014,GOOG,545.1856957,542.9118814,540.6680359,545.1856957,1289500
11/17/2014,GOOG,542.0941286,535.0434372,532.6011655,542.3035416,1726000
11/18/2014,GOOG,536.0307466,533.5675393,532.7098701,540.4586229,1962600
11/19/2014,GOOG,533.5375716,535.522139,528.6310554,536.7687265,1392200
11/20/2014,GOOG,529.797869,533.3680759,529.6283135,533.6473133,1563300
11/21/2014,GOOG,540.1295204,536.0307466,535.0933033,540.6580872,2224200
11/24/2014,GOOG,536.1803449,537.7959522,534.1559209,541.2165609,1706300
11/25/2014,GOOG,537.5266645,539.6009536,537.1297503,542.4930563,1789900
11/26/2014,GOOG,539.401551,538.8929424,535.5740185,540.0697056,1522900
11/28/2014,GOOG,539.1422111,540.348943,535.1332207,540.5184376,1148300
12/1/2014,GOOG,537.4269324,532.3408492,530.4061489,539.930056,2115300
12/2/2014,GOOG,532.0516642,532.2909841,528.3518181,534.0362305,1526600
12/3/2014,GOOG,529.9873238,529.8676324,527.8133026,534.5308615,1277900
12/4/2014,GOOG,529.7080864,535.8412927,527.1450862,535.8711996,1392100
12/5/2014,GOOG,529.5485395,523.8242096,522.8469098,531.4333747,2565600
12/8/2014,GOOG,525.6890866,525.5394883,522.3582604,529.5485395,2329300
12/9/2014,GOOG,520.7127452,531.9120754,519.0772394,532.7298283,1871300
12/10/2014,GOOG,531.6228285,524.6220033,524.1234052,534.8639321,1712200
12/11/2014,GOOG,526.357302,526.8958175,525.6591787,532.4605406,1610800
12/12/2014,GOOG,522.079023,517.2422703,517.2422703,527.0553645,1994500
12/15/2014,GOOG,521.3111363,512.395569,511.8670021,521.6701466,2813400
12/16/2014,GOOG,510.1616721,494.0358665,487.6633403,511.6475796,3964200
12/17/2014,GOOG,495.6414644,503.5099085,495.4519806,505.6141354,2883100
12/18/2014,GOOG,511.5478783,509.7029296,503.3204238,512.4653324,2926700
12/19/2014,GOOG,510.111806,514.9385492,505.5253601,516.3048271,3690200
12/22/2014,GOOG,514.6693224,523.4352914,514.6693224,525.020931,2723700
12/23/2014,GOOG,525.5594465,529.1396631,524.8513746,533.0987873,2197600
12/24/2014,GOOG,529.0598901,527.3246522,525.5794057,530.3054404,705900
12/26/2014,GOOG,527.3246522,532.5702205,525.8685918,532.789643,1040500
12/29/2014,GOOG,530.7352514,528.8803849,528.5622075,534.0162723,2278500
12/30/2014,GOOG,526.6464881,528.9701066,525.6890866,529.6981378,876200
12/31/2014,GOOG,529.797869,524.9611163,524.3627251,531.1441278,1368200
1/2/2015,GOOG,527.5639721,523.3754766,522.6674046,529.8177673,1447500
1/5/2015,GOOG,521.8296936,512.4653324,511.6575592,522.8967759,2059800
1/6/2015,GOOG,513.5922904,500.5878979,499.6803935,514.7640493,2899900
1/7/2015,GOOG,505.6141354,499.7302586,498.2842077,505.8574534,2065000
1/8/2015,GOOG,496.6287737,501.3059495,489.6578564,502.1037442,3353500
1/9/2015,GOOG,503.3802695,494.8137329,493.4375063,503.5398164,2071300
1/12/2015,GOOG,493.5871036,491.2036394,486.227268,494.6202501,2326700
1/13/2015,GOOG,497.4764344,494.8237125,491.0440625,501.6051152,2370400
1/14/2015,GOOG,493.2978876,499.5008873,491.6524023,501.8544446,2215500
1/15/2015,GOOG,504.1880427,500.4183724,496.3994024,504.2977535,2715800
1/16/2015,GOOG,498.643248,506.6911674,498.6332694,506.8008782,2298200
1/20/2015,GOOG,509.6031974,505.5144042,504.6328076,511.0990845,2232000
1/21/2015,GOOG,505.8634349,516.6239819,504.8163108,517.8605598,2268700
1/22/2015,GOOG,520.0545393,532.9292308,518.2794458,534.8639321,2676900
1/23/2015,GOOG,534.1259532,538.4740565,531.5430555,540.6879941,2281700
1/26/2015,GOOG,537.0579733,533.7470455,528.222179,537.5266645,1543700
1/27/2015,GOOG,528.5213137,517.2123635,516.7735183,529.2493439,1904000
1/28/2015,GOOG,521.3509928,508.6059404,508.6059404,521.5604049,1683800
1/29/2015,GOOG,509.6031974,509.2641154,499.8299908,509.692951,4186300
1/30/2015,GOOG,514.4498998,533.0589317,514.1108477,538.3942825,5606300
2/2/2015,GOOG,530.2765088,527.0354053,517.1325895,531.5430555,2849800
2/3/2015,GOOG,526.5567046,527.7933434,521.8296936,531.9419833,2038600
2/4/2015,GOOG,527.7933434,521.3310346,519.8451262,531.2159666,1663600
2/5/2015,GOOG,522.3582604,526.1378795,520.6628791,527.0553645,1849700
2/6/2015,GOOG,526.1976942,529.5485395,524.9710649,535.731551,1763500
2/9/2015,GOOG,526.5567046,526.3872099,524.5821477,530.5457975,1267700
2/10/2015,GOOG,527.8531582,535.4722729,525.4796736,536.230211,1749800
2/11/2015,GOOG,533.8367672,534.5049217,531.9200106,536.9781385,1377700
2/12/2015,GOOG,535.7814171,541.4459322,533.2114589,543.3307674,1620200
2/13/2015,GOOG,541.8647573,547.5093142,541.6453966,548.40684,1900300
2/17/2015,GOOG,545.3352321,541.3561497,539.6109631,548.4965627,1616800
2/18/2015,GOOG,539.9201073,538.224726,536.0407561,543.998922,1453000
2/19/2015,GOOG,536.5692621,541.3860566,536.5393552,541.6254374,989100
2/20/2015,GOOG,541.6453966,537.4767985,534.3354261,542.2636851,1444300
2/23/2015,GOOG,534.5846957,530.456014,527.9628999,534.9726366,1457800
2/24/2015,GOOG,528.5512815,534.6246121,526.806035,535.3226746,1005000
2/25/2015,GOOG,534.4351583,542.3833754,533.9813602,544.7269532,1825900
2/26/2015,GOOG,541.7251695,553.9616144,540.0198395,554.6198203,2311500
2/27/2015,GOOG,552.7249756,556.8736145,551.3886654,563.1663677,2410100
3/2/2015,GOOG,558.9978305,569.7782747,557.2226761,570.5860181,2129600
